action,owner,repo,sub_path,github_url,marketplace_url,usage_count,workflow_count,tag_versions,sha_pinned_versions,is_sha_pinned,is_mixed_pinning,example_workflows
actions/checkout,actions,checkout,,https://github.com/actions/checkout,https://github.com/marketplace/actions/checkout,334,241,main; master; v1; v2; v3; v4; v4.1.7; v5; v6,7,True,True,npm/map-workspaces; RedHatInsights/insights-results-aggregator-exporter; OWASP/wstg
mshick/add-pr-comment,mshick,add-pr-comment,,https://github.com/mshick/add-pr-comment,https://github.com/marketplace/actions/add-pr-comment,84,30,v1,0,False,False,oracle-devrel/tech-content-heatwave; oracle-devrel/oci-arch-virtual-disk-import; oracle-devrel/helm-oci-mysql
actions/setup-python,actions,setup-python,,https://github.com/actions/setup-python,https://github.com/marketplace/actions/setup-python,34,25,v2; v3; v4; v5; v6,1,True,True,OWASP/wstg; BBN-Q/QGL; repo-helper/hatch-requirements-txt
MicrosoftDocs/microsoft-365-docs/.github/workflows/Shared-ExtractPayload.yml,MicrosoftDocs,microsoft-365-docs,.github/workflows/Shared-ExtractPayload.yml,https://github.com/MicrosoftDocs/microsoft-365-docs,,22,22,workflows-prod,0,False,False,MicrosoftDocs/Managed-Desktop; MicrosoftDocs/OfficeDocs-CustomLearning; MicrosoftDocs/outlook
amannn/action-semantic-pull-request,amannn,action-semantic-pull-request,,https://github.com/amannn/action-semantic-pull-request,https://github.com/marketplace/actions/action-semantic-pull-request,21,21,v4; v5.0.2,0,False,False,aws-samples/amazon-chime-voiceconnector-cdr-processing; ory/defcon-30-ctf; ory/resilient-axios
actions/setup-node,actions,setup-node,,https://github.com/actions/setup-node,https://github.com/marketplace/actions/setup-node,23,21,v1; v2; v3; v4; v5; v6,2,True,True,npm/map-workspaces; OWASP/wstg; konveyor/release-tools
ory/ci/conventional_commit_config,ory,ci,conventional_commit_config,https://github.com/ory/ci,,20,20,master,0,False,False,ory/defcon-30-ctf; ory/resilient-axios; ory/hydra-client-js
ocicl/ocicl-action,ocicl,ocicl-action,,https://github.com/ocicl/ocicl-action,https://github.com/marketplace/actions/ocicl-action,20,20,main,0,False,False,ocicl/cl-string-match; ocicl/cl-bibtex; ocicl/clinenoise
ruby/setup-ruby,ruby,setup-ruby,,https://github.com/ruby/setup-ruby,https://github.com/marketplace/actions/setup-ruby,55,15,v1,0,False,False,openstreetmap/openstreetmap-website; simp/pupmod-simp-vnc; simp/pupmod-simp-sudo
actions/github-script,actions,github-script,,https://github.com/actions/github-script,https://github.com/marketplace/actions/github-script,18,14,v6; v7; v8,2,True,True,lacework/terraform-gcp-config; aziontech/lib; galacticcouncil/blockscout-frontend
ocicl/ocicl-action/update-check,ocicl,ocicl-action,update-check,https://github.com/ocicl/ocicl-action,,13,13,main,0,False,False,ocicl/cl-string-match; ocicl/cl-bibtex; ocicl/clinenoise
oracle-devrel/action-license-audit,oracle-devrel,action-license-audit,,https://github.com/oracle-devrel/action-license-audit,https://github.com/marketplace/actions/action-license-audit,12,12,1.0.2,0,False,False,oracle-devrel/oci-rust-getting-started; oracle-devrel/repo-manager-test2; oracle-devrel/incubator-template
actions/upload-artifact,actions,upload-artifact,,https://github.com/actions/upload-artifact,https://github.com/marketplace/actions/upload-artifact,12,11,v2; v3; v4,0,False,False,minder-load-tests/demo-go-818; minder-load-tests/demo-go-979; minder-load-tests/demo-go-935
MicrosoftDocs/microsoft-365-docs/.github/workflows/Shared-AutoLabelMsftContributor.yml,MicrosoftDocs,microsoft-365-docs,.github/workflows/Shared-AutoLabelMsftContributor.yml,https://github.com/MicrosoftDocs/microsoft-365-docs,,11,11,workflows-prod,0,False,False,MicrosoftDocs/OfficeDocs-DeployOffice; MicrosoftDocs/Hololens; MicrosoftDocs/Devices-docs
actions/setup-go,actions,setup-go,,https://github.com/actions/setup-go,https://github.com/marketplace/actions/setup-go,15,11,v3; v4; v5,3,True,True,RedHatInsights/insights-results-aggregator-exporter; minder-load-tests/demo-go-818; minder-load-tests/demo-go-979
adafruit/workflows-circuitpython-libs/build,adafruit,workflows-circuitpython-libs,build,https://github.com/adafruit/workflows-circuitpython-libs,,11,11,main,0,False,False,adafruit/Adafruit_CircuitPython_FocalTouch; adafruit/Adafruit_CircuitPython_BMP5xx; adafruit/Adafruit_CircuitPython_Prompt_Toolkit
actions/cache,actions,cache,,https://github.com/actions/cache,https://github.com/marketplace/actions/cache,17,11,v2; v4,1,True,True,BBN-Q/QGL; pallets/itsdangerous; nebula-plugins/gradle-netflixoss-project-plugin
adafruit/circuitpython-action-library-ci-failed,adafruit,circuitpython-action-library-ci-failed,,https://github.com/adafruit/circuitpython-action-library-ci-failed,https://github.com/marketplace/actions/circuitpython-action-library-ci-failed,11,11,v1,0,False,False,adafruit/Adafruit_CircuitPython_DS3502; adafruit/Adafruit_CircuitPython_BNO055; adafruit/Adafruit_CircuitPython_MAX7219
ory/ci/licenses/setup,ory,ci,licenses/setup,https://github.com/ory/ci,,11,11,master,0,False,False,ory/homebrew-oathkeeper; ory/client-ruby; ory/oathkeeper-client-ruby
ory/ci/licenses/write,ory,ci,licenses/write,https://github.com/ory/ci,,11,11,master,0,False,False,ory/homebrew-oathkeeper; ory/client-ruby; ory/oathkeeper-client-ruby
ory/ci/licenses/check,ory,ci,licenses/check,https://github.com/ory/ci,,11,11,master,0,False,False,ory/homebrew-oathkeeper; ory/client-ruby; ory/oathkeeper-client-ruby
canonical/k8s-workflows/.github/workflows/scan_images.yaml,canonical,k8s-workflows,.github/workflows/scan_images.yaml,https://github.com/canonical/k8s-workflows,,11,11,main,0,False,False,canonical/cert-manager-rock; canonical/sriov-dpdk-rocks; canonical/kepler-rocks
canonical/k8s-workflows/.github/workflows/assemble_multiarch_image.yaml,canonical,k8s-workflows,.github/workflows/assemble_multiarch_image.yaml,https://github.com/canonical/k8s-workflows,,11,11,main,0,False,False,canonical/cert-manager-rock; canonical/sriov-dpdk-rocks; canonical/kepler-rocks
canonical/k8s-workflows/.github/workflows/build_rocks.yaml,canonical,k8s-workflows,.github/workflows/build_rocks.yaml,https://github.com/canonical/k8s-workflows,,11,11,main,0,False,False,canonical/cert-manager-rock; canonical/sriov-dpdk-rocks; canonical/kepler-rocks
canonical/k8s-workflows/.github/workflows/run_tests.yaml,canonical,k8s-workflows,.github/workflows/run_tests.yaml,https://github.com/canonical/k8s-workflows,,11,11,main,0,False,False,canonical/cert-manager-rock; canonical/sriov-dpdk-rocks; canonical/kepler-rocks
MicrosoftDocs/microsoft-365-docs/.github/workflows/Shared-AutoLabelAssign.yml,MicrosoftDocs,microsoft-365-docs,.github/workflows/Shared-AutoLabelAssign.yml,https://github.com/MicrosoftDocs/microsoft-365-docs,,11,11,workflows-prod,0,False,False,MicrosoftDocs/Managed-Desktop; MicrosoftDocs/OfficeDocs-CustomLearning; MicrosoftDocs/outlook
oracle-devrel/action-repolinter-audit,oracle-devrel,action-repolinter-audit,,https://github.com/oracle-devrel/action-repolinter-audit,https://github.com/marketplace/actions/action-repolinter-audit,10,10,v0.1-alpha2,0,False,False,oracle-devrel/terraform-oci-arch-elastic; oracle-devrel/incubator-template; oracle-devrel/oci-infra-automation-scripts
ministryofjustice/hmpps-github-actions/.github/workflows/deploy_env.yml,ministryofjustice,hmpps-github-actions,.github/workflows/deploy_env.yml,https://github.com/ministryofjustice/hmpps-github-actions,,22,9,v2,0,False,False,ministryofjustice/hmpps-learner-records-api; ministryofjustice/hmpps-support-additional-needs-api; ministryofjustice/hmpps-electronic-monitoring-data-insights-api
ministryofjustice/hmpps-github-actions/.github/workflows/test_helm_lint.yml,ministryofjustice,hmpps-github-actions,.github/workflows/test_helm_lint.yml,https://github.com/ministryofjustice/hmpps-github-actions,,9,9,v2,0,False,False,ministryofjustice/hmpps-learner-records-api; ministryofjustice/hmpps-support-additional-needs-api; ministryofjustice/hmpps-electronic-monitoring-data-insights-api
actions/attest-build-provenance,actions,attest-build-provenance,,https://github.com/actions/attest-build-provenance,https://github.com/marketplace/actions/attest-build-provenance,9,9,v1.4.1,0,False,False,minder-load-tests/demo-go-979; minder-load-tests/demo-go-863; minder-load-tests/demo-go-935
atlassian/gajira-create,atlassian,gajira-create,,https://github.com/atlassian/gajira-create,https://github.com/marketplace/actions/gajira-create,8,8,master,0,False,False,udacity/ios-nd-persistence; udacity/cd1898-Observing-Cloud-Resources; udacity/DroidTermsExample-APK
docker/metadata-action,docker,metadata-action,,https://github.com/docker/metadata-action,https://github.com/marketplace/actions/metadata-action,8,8,v5,1,True,True,minder-load-tests/demo-go-863; minder-load-tests/demo-go-807; docker/build-push-action
test-room-7/action-update-file,test-room-7,action-update-file,,https://github.com/test-room-7/action-update-file,https://github.com/marketplace/actions/action-update-file,8,8,v1,0,False,False,USGS-R/ds-gitflows-SimonTopp; USGS-R/ds-gitflows-SimonTopp; USGS-R/ds-gitflows-ancarr
docker/login-action,docker,login-action,,https://github.com/docker/login-action,https://github.com/marketplace/actions/login-action,8,8,v3,1,True,True,minder-load-tests/demo-go-863; minder-load-tests/demo-go-807; docker/build-push-action
oracle-devrel/action-git-files-changed,oracle-devrel,action-git-files-changed,,https://github.com/oracle-devrel/action-git-files-changed,https://github.com/marketplace/actions/action-git-files-changed,8,8,v0.1-alpha2,0,False,False,oracle-devrel/tech-content-heatwave; oracle-devrel/oci-arch-virtual-disk-import; oracle-devrel/helm-oci-mysql
pozil/auto-assign-issue,pozil,auto-assign-issue,,https://github.com/pozil/auto-assign-issue,https://github.com/marketplace/actions/auto-assign-issue,8,8,v1.3.0,0,False,False,AdobeDocs/experience-manager-guides-learn.ko-KR; AdobeDocs/audience-manager.ja-JP; AdobeDocs/journeys.nl-NL
oracle-devrel/action-git-num-commits,oracle-devrel,action-git-num-commits,,https://github.com/oracle-devrel/action-git-num-commits,https://github.com/marketplace/actions/action-git-num-commits,8,8,v0.1-alpha6,0,False,False,oracle-devrel/tech-content-heatwave; oracle-devrel/oci-arch-virtual-disk-import; oracle-devrel/helm-oci-mysql
atlassian/gajira-login,atlassian,gajira-login,,https://github.com/atlassian/gajira-login,https://github.com/marketplace/actions/gajira-login,8,8,master,0,False,False,udacity/ios-nd-persistence; udacity/cd1898-Observing-Cloud-Resources; udacity/DroidTermsExample-APK
ministryofjustice/hmpps-github-actions/.github/workflows/docker_build.yml,ministryofjustice,hmpps-github-actions,.github/workflows/docker_build.yml,https://github.com/ministryofjustice/hmpps-github-actions,,7,7,v2,0,False,False,ministryofjustice/hmpps-electronic-monitoring-data-insights-api; ministryofjustice/hmpps-external-movements-api; ministryofjustice/hmpps-person-on-probation-user-api
pre-commit/action,pre-commit,action,,https://github.com/pre-commit/action,https://github.com/marketplace/actions/action,7,7,v3.0.1,1,True,True,aio-libs/aiohttp-debugtoolbar; zopefoundation/zope.app.http; zopefoundation/zope.vocabularyregistry
docker/build-push-action,docker,build-push-action,,https://github.com/docker/build-push-action,https://github.com/marketplace/actions/build-push-action,7,7,,1,True,False,minder-load-tests/demo-go-863; minder-load-tests/demo-go-807; minder-load-tests/demo-go-562
pre-commit-ci/lite-action,pre-commit-ci,lite-action,,https://github.com/pre-commit-ci/lite-action,https://github.com/marketplace/actions/lite-action,7,7,,1,True,False,pallets/itsdangerous; zopefoundation/zope.app.http; zopefoundation/zope.vocabularyregistry
notofonts/notobuilder/.github/workflows/build.yaml,notofonts,notobuilder,.github/workflows/build.yaml,https://github.com/notofonts/notobuilder,,6,6,main,0,False,False,notofonts/linear-a; notofonts/linear-a; notofonts/thaana
puppetlabs/phoenix-github-actions/.github/workflows/unit_tests_with_nightly_puppet_gem.yaml,puppetlabs,phoenix-github-actions,.github/workflows/unit_tests_with_nightly_puppet_gem.yaml,https://github.com/puppetlabs/phoenix-github-actions,,6,6,main,0,False,False,puppetlabs/puppetlabs-yumrepo_core; puppetlabs/puppetlabs-mount_core; puppetlabs/puppetlabs-selinux_core
azure/login,azure,login,,https://github.com/azure/login,https://github.com/marketplace/actions/login,6,6,v1,0,False,False,Azure/azureml-oss-models; Azure/azureml-oss-models; Azure/azureml-oss-models
turbot/steampipe-workflows/.github/workflows/stale.yml,turbot,steampipe-workflows,.github/workflows/stale.yml,https://github.com/turbot/steampipe-workflows,,6,6,main,0,False,False,turbot/flowpipe-mod-teams; turbot/steampipe-mod-zoom-compliance; turbot/steampipe-mod-zoom-compliance
puppetlabs/phoenix-github-actions/.github/workflows/unit_tests_with_released_puppet_gem.yaml,puppetlabs,phoenix-github-actions,.github/workflows/unit_tests_with_released_puppet_gem.yaml,https://github.com/puppetlabs/phoenix-github-actions,,5,5,main,0,False,False,puppetlabs/puppetlabs-mount_core; puppetlabs/puppetlabs-selinux_core; puppetlabs/puppetlabs-selinux_core
salesforcecli/github-workflows/.github/workflows/unitTestsWindows.yml,salesforcecli,github-workflows,.github/workflows/unitTestsWindows.yml,https://github.com/salesforcecli/github-workflows,,5,5,main,0,False,False,salesforcecli/plugin-limits; salesforcecli/plugin-template-sf; salesforcecli/plugin-sobject
salesforcecli/github-workflows/.github/workflows/unitTestsLinux.yml,salesforcecli,github-workflows,.github/workflows/unitTestsLinux.yml,https://github.com/salesforcecli/github-workflows,,5,5,main,0,False,False,salesforcecli/plugin-limits; salesforcecli/plugin-template-sf; salesforcecli/plugin-sobject
salesforcecli/github-workflows/.github/workflows/lockFileCheck.yml,salesforcecli,github-workflows,.github/workflows/lockFileCheck.yml,https://github.com/salesforcecli/github-workflows,,5,5,main,0,False,False,salesforcecli/plugin-limits; salesforcecli/plugin-template-sf; salesforcecli/plugin-sobject
Sundsvallskommun/.github/.github/workflows/common-dependabot-reviewer.yml,Sundsvallskommun,.github,.github/workflows/common-dependabot-reviewer.yml,https://github.com/Sundsvallskommun/.github,,5,5,main,0,False,False,Sundsvallskommun/api-service-garbage; Sundsvallskommun/api-service-citizen-changes; Sundsvallskommun/api-service-alkt
discourse/.github/.github/workflows/discourse-theme.yml,discourse,.github,.github/workflows/discourse-theme.yml,https://github.com/discourse/.github,,5,5,v1,0,False,False,discourse/discourse-homepage-feature-component; discourse/discourse-review-ip-lookup; discourse/discourse-categories-tracking-toggle
cloudposse/.github/.github/workflows/shared-terraform-chatops.yml,cloudposse,.github,.github/workflows/shared-terraform-chatops.yml,https://github.com/cloudposse/.github,,5,5,main,0,False,False,cloudposse/terraform-aws-cloudfront-s3-cdn; cloudposse/terraform-aws-iam-user; cloudposse/terraform-aws-alb
salesforcecli/github-workflows/.github/workflows/nut.yml,salesforcecli,github-workflows,.github/workflows/nut.yml,https://github.com/salesforcecli/github-workflows,,5,5,main,0,False,False,salesforcecli/plugin-flow; salesforcecli/plugin-limits; salesforcecli/plugin-template-sf
ljharb/actions/.github/workflows/node.yml,ljharb,actions,.github/workflows/node.yml,https://github.com/ljharb/actions,,5,5,main,0,False,False,ljharb/find-value-locations; es-shims/Number.parseInt; es-shims/Map.prototype.getOrInsertComputed
turbot/steampipe-workflows/.github/workflows/assign-issue-to-project.yml,turbot,steampipe-workflows,.github/workflows/assign-issue-to-project.yml,https://github.com/turbot/steampipe-workflows,,4,4,main,0,False,False,turbot/steampipe-plugin-zoom; turbot/steampipe-mod-gcp-labels; turbot/steampipe-plugin-linode
Logius-standaarden/Automatisering/.github/workflows/check.yml,Logius-standaarden,Automatisering,.github/workflows/check.yml,https://github.com/Logius-standaarden/Automatisering,,4,4,main,0,False,False,Geonovum/uml-datatypen; Geonovum/3d-tiling; Geonovum/dso-cim-bhkv
actions/add-to-project,actions,add-to-project,,https://github.com/actions/add-to-project,https://github.com/marketplace/actions/add-to-project,4,4,v1.0.2,0,False,False,microsoft/aitour-azure-openai-assistants; microsoft/ignite25-LAB582-windows-365-deployment-lab-cloud-native-zero-trust-fully-ready; microsoft/ignite25-LAB587-windows-365-ai-lab-improved-windows-search-and-click-to-do-in-action
cloudposse-terraform-components/.github/.github/workflows/shared-terraform-chatops.yml,cloudposse-terraform-components,.github,.github/workflows/shared-terraform-chatops.yml,https://github.com/cloudposse-terraform-components/.github,,4,4,main,0,False,False,cloudposse-terraform-components/aws-eks-storage-class; cloudposse-terraform-components/aws-eks-actions-runner-controller; cloudposse-terraform-components/aws-sftp
polarityio/polarity-integration-development-checklist,polarityio,polarity-integration-development-checklist,,https://github.com/polarityio/polarity-integration-development-checklist,https://github.com/marketplace/actions/polarity-integration-development-checklist,4,4,main,0,False,False,polarityio/subnet-calculator; polarityio/discoverorg; polarityio/subnet-calculator
Logius-standaarden/Automatisering/.github/workflows/build.yml,Logius-standaarden,Automatisering,.github/workflows/build.yml,https://github.com/Logius-standaarden/Automatisering,,4,4,main; snapshot-in-repo,0,False,False,Geonovum/uml-datatypen; Geonovum/3d-tiling; Geonovum/dso-cim-bhkv
astral-sh/ruff-action,astral-sh,ruff-action,,https://github.com/astral-sh/ruff-action,https://github.com/marketplace/actions/ruff-action,8,4,v1,0,False,False,MIT-Emerging-Talent/ET6-MITx-Recitation-Group12; MIT-Emerging-Talent/ET6-MITx-Recitations_Group30; MIT-Emerging-Talent/ET6-MITx-Recitations_Group30
Azure/avm-terraform-governance/.github/workflows/managed-pr-check.yml,Azure,avm-terraform-governance,.github/workflows/managed-pr-check.yml,https://github.com/Azure/avm-terraform-governance,,4,4,main,0,False,False,Azure/terraform-azurerm-avm-ptn-alz-connectivity-hub-and-spoke-vnet; Azure/terraform-azurerm-avm-ptn-commercial-marketplace; Azure/terraform-azure-avm-utl-compute-windowsvirtualmachine-azapi-replicator
planetoftheweb/copy-to-branches,planetoftheweb,copy-to-branches,,https://github.com/planetoftheweb/copy-to-branches,https://github.com/marketplace/actions/copy-to-branches,4,4,v1.2,0,False,False,LinkedInLearning/advanced-kotlin-database-development-2500683; LinkedInLearning/treating-go-as-an-object-oriented-language-4401616; LinkedInLearning/advanced-kotlin-database-development-2500683
polarityio/polarity-github-actions/.github/workflows/release-server-versions-for-int-store.yml,polarityio,polarity-github-actions,.github/workflows/release-server-versions-for-int-store.yml,https://github.com/polarityio/polarity-github-actions,,4,4,master,0,False,False,polarityio/google-custom-search; polarityio/urlscan; polarityio/urlscan
cloudposse-terraform-components/.github/.github/workflows/shared-terraform-component.yml,cloudposse-terraform-components,.github,.github/workflows/shared-terraform-component.yml,https://github.com/cloudposse-terraform-components/.github,,4,4,main,0,False,False,cloudposse-terraform-components/aws-audit-manager; cloudposse-terraform-components/aws-glue-connection; cloudposse-terraform-components/aws-sftp
Logius-standaarden/Automatisering/.github/workflows/publish.yml,Logius-standaarden,Automatisering,.github/workflows/publish.yml,https://github.com/Logius-standaarden/Automatisering,,4,4,main,0,False,False,Geonovum/uml-datatypen; Geonovum/3d-tiling; Geonovum/dso-cim-bhkv
ls-lint/action,ls-lint,action,,https://github.com/ls-lint/action,https://github.com/marketplace/actions/action,4,4,v2.2.3,0,False,False,MIT-Emerging-Talent/ET6-MITx-Recitation-Group12; MIT-Emerging-Talent/ET6-MITx-Recitations_Group30; MIT-Emerging-Talent/ET6-MITx-Recitations_Group30
nosborn/github-action-markdown-cli,nosborn,github-action-markdown-cli,,https://github.com/nosborn/github-action-markdown-cli,https://github.com/marketplace/actions/github-action-markdown-cli,4,4,v3.3.0,0,False,False,MIT-Emerging-Talent/ET6-MITx-Recitation-Group12; MIT-Emerging-Talent/ET6-MITx-Recitations_Group30; MIT-Emerging-Talent/ET6-MITx-Recitations_Group30
Audioreach/audioreach-workflows/.github/workflows/loading.yml,Audioreach,audioreach-workflows,.github/workflows/loading.yml,https://github.com/Audioreach/audioreach-workflows,,3,3,master,0,False,False,AudioReach/audioreach-graphservices; AudioReach/audioreach-conf; AudioReach/audioreach-pulseaudio-plugin
Audioreach/audioreach-workflows/.github/workflows/process_image.yml,Audioreach,audioreach-workflows,.github/workflows/process_image.yml,https://github.com/Audioreach/audioreach-workflows,,3,3,master,0,False,False,AudioReach/audioreach-graphservices; AudioReach/audioreach-conf; AudioReach/audioreach-pulseaudio-plugin
rossjrw/pr-preview-action,rossjrw,pr-preview-action,,https://github.com/rossjrw/pr-preview-action,https://github.com/marketplace/actions/pr-preview-action,3,3,v1,0,False,False,RedHatQuickCourses/devspaces-plugins; RedHatQuickCourses/devspaces-plugins; RedHatQuickCourses/rcb-demo-1
actions/download-artifact,actions,download-artifact,,https://github.com/actions/download-artifact,https://github.com/marketplace/actions/download-artifact,4,3,v4,2,True,True,repo-helper/hatch-requirements-txt; falcosecurity/libs; Geonovum/geooptijd
Audioreach/audioreach-workflows/.github/workflows/build.yml,Audioreach,audioreach-workflows,.github/workflows/build.yml,https://github.com/Audioreach/audioreach-workflows,,3,3,master,0,False,False,AudioReach/audioreach-graphservices; AudioReach/audioreach-conf; AudioReach/audioreach-pulseaudio-plugin
cloudposse/.github/.github/workflows/shared-terraform-module.yml,cloudposse,.github,.github/workflows/shared-terraform-module.yml,https://github.com/cloudposse/.github,,3,3,main,0,False,False,cloudposse/terraform-aws-ec2-bastion-server; cloudposse/terraform-aws-efs-backup; cloudposse/terraform-aws-route53-cluster-zone
actions/setup-java,actions,setup-java,,https://github.com/actions/setup-java,https://github.com/marketplace/actions/setup-java,5,3,v3; v4,0,False,False,gbv/reposis_iai; nebula-plugins/gradle-netflixoss-project-plugin; fabric8io/kubernetes-client
dorny/paths-filter,dorny,paths-filter,,https://github.com/dorny/paths-filter,https://github.com/marketplace/actions/paths-filter,4,3,v2,2,True,True,pulumi/pulumi-pagerduty; repo-helper/hatch-requirements-txt; github/docs
Audioreach/audioreach-workflows/.github/workflows/test.yml,Audioreach,audioreach-workflows,.github/workflows/test.yml,https://github.com/Audioreach/audioreach-workflows,,3,3,master,0,False,False,AudioReach/audioreach-graphservices; AudioReach/audioreach-conf; AudioReach/audioreach-pulseaudio-plugin
re-actors/alls-green,re-actors,alls-green,,https://github.com/re-actors/alls-green,https://github.com/marketplace/actions/alls-green,3,3,release/v1,0,False,False,aio-libs/aiohttp-debugtoolbar; jaraco/jaraco.ui; jaraco/jaraco.zstd
dependabot/fetch-metadata,dependabot,fetch-metadata,,https://github.com/dependabot/fetch-metadata,https://github.com/marketplace/actions/fetch-metadata,3,3,v1; v2; v2.2.0,0,False,False,npm/map-workspaces; navikt/dp-datadeling; neuro-inc/platform-registry-api
snapcore/action-build,snapcore,action-build,,https://github.com/snapcore/action-build,https://github.com/marketplace/actions/action-build,3,3,v1,0,False,False,ubuntu/gnome-hitori; ubuntu/gnome-hitori; ubuntu/swell-foop
dpc-sdp/github-actions/.github/workflows/set_status.yml,dpc-sdp,github-actions,.github/workflows/set_status.yml,https://github.com/dpc-sdp/github-actions,,6,3,main,0,False,False,dpc-sdp/tide_demo_content; dpc-sdp/tide_authenticated_content; dpc-sdp/tide_authenticated_content
turbot/steampipe-workflows/.github/workflows/golangci-lint.yml,turbot,steampipe-workflows,.github/workflows/golangci-lint.yml,https://github.com/turbot/steampipe-workflows,,3,3,main,0,False,False,turbot/steampipe-plugin-splunk; turbot/steampipe-plugin-crtsh; turbot/steampipe-plugin-pipes
zopencommunity/meta/.github/workflows/build_and_test.yml,zopencommunity,meta,.github/workflows/build_and_test.yml,https://github.com/zopencommunity/meta,,3,3,main,0,False,False,zopencommunity/pvport; zopencommunity/moreutilsport; zopencommunity/sudoport
discourse/.github/.github/workflows/create-d-compat-branch.yml,discourse,.github,.github/workflows/create-d-compat-branch.yml,https://github.com/discourse/.github,,3,3,v1,0,False,False,discourse/discourse-theme-hibiscus; discourse/discourse-material-design-icons-filled; discourse/discourse-browser-history
jenkins-infra/jenkins-security-scan/.github/workflows/jenkins-security-scan.yaml,jenkins-infra,jenkins-security-scan,.github/workflows/jenkins-security-scan.yaml,https://github.com/jenkins-infra/jenkins-security-scan,,3,3,v2,0,False,False,jenkinsci/jmh-report-plugin; jenkinsci/jmh-report-plugin; jenkinsci/ant-plugin
fortify/shared-doc-resources/.github/workflows/update-repo-docs.yml,fortify,shared-doc-resources,.github/workflows/update-repo-docs.yml,https://github.com/fortify/shared-doc-resources,,2,2,main,0,False,False,fortify/fortify-ssc-parser-burp; fortify/fortify-ssc-parser-burp
aws-actions/configure-aws-credentials,aws-actions,configure-aws-credentials,,https://github.com/aws-actions/configure-aws-credentials,https://github.com/marketplace/actions/configure-aws-credentials,2,2,v1,0,False,False,cds-snc/ui-automate; cds-snc/ui-automate
influxdata/validate-semantic-github-messages/.github/workflows/semantic.yml,influxdata,validate-semantic-github-messages,.github/workflows/semantic.yml,https://github.com/influxdata/validate-semantic-github-messages,,2,2,main,0,False,False,influxdata/influxdb-client-swift; influxdata/influxdb-client-swift
Hapag-Lloyd/Workflow-Templates/.github/workflows/default_welcome_message_callable.yml,Hapag-Lloyd,Workflow-Templates,.github/workflows/default_welcome_message_callable.yml,https://github.com/Hapag-Lloyd/Workflow-Templates,,2,2,,1,True,False,Hapag-Lloyd/Renovate-Global-Configuration; Hapag-Lloyd/Renovate-Global-Configuration
peter-evans/create-pull-request,peter-evans,create-pull-request,,https://github.com/peter-evans/create-pull-request,https://github.com/marketplace/actions/create-pull-request,2,2,v8,1,True,True,kyoh86/ddu-source-git_diff_tree; Geonovum/geooptijd
adafruit/workflows-circuitpython-libs/release-gh,adafruit,workflows-circuitpython-libs,release-gh,https://github.com/adafruit/workflows-circuitpython-libs,,2,2,main,0,False,False,adafruit/Adafruit_CircuitPython_FXAS21002C; adafruit/Adafruit_CircuitPython_FXAS21002C
peter-evans/find-comment,peter-evans,find-comment,,https://github.com/peter-evans/find-comment,https://github.com/marketplace/actions/find-comment,4,2,v2,0,False,False,npm/read-package-json-fast; npm/hosted-git-info
LouisBrunner/checks-action,LouisBrunner,checks-action,,https://github.com/LouisBrunner/checks-action,https://github.com/marketplace/actions/checks-action,4,2,v1.6.0,0,False,False,npm/read-package-json-fast; npm/hosted-git-info
peter-evans/create-or-update-comment,peter-evans,create-or-update-comment,,https://github.com/peter-evans/create-or-update-comment,https://github.com/marketplace/actions/create-or-update-comment,10,2,v3,0,False,False,npm/read-package-json-fast; npm/hosted-git-info
rapidsai/shared-workflows/.github/workflows/project-get-set-single-select-field.yaml,rapidsai,shared-workflows,.github/workflows/project-get-set-single-select-field.yaml,https://github.com/rapidsai/shared-workflows,,4,2,branch-25.06; main,0,False,False,rapidsai/cudf; rapidsai/cudf
swiftlang/github-workflows/.github/workflows/soundness.yml,swiftlang,github-workflows,.github/workflows/soundness.yml,https://github.com/swiftlang/github-workflows,,2,2,main,0,False,False,apple/swift-algorithms; apple/swift-service-context
ncipollo/release-action,ncipollo,release-action,,https://github.com/ncipollo/release-action,https://github.com/marketplace/actions/release-action,2,2,v1,0,False,False,helsingborg-stad/render-blade-view; helsingborg-stad/render-blade-view
codacy/git-version,codacy,git-version,,https://github.com/codacy/git-version,https://github.com/marketplace/actions/git-version,2,2,2.7.1,0,False,False,helsingborg-stad/render-blade-view; helsingborg-stad/render-blade-view
cloudposse-terraform-components/.github/.github/workflows/shared-release-branches.yml,cloudposse-terraform-components,.github,.github/workflows/shared-release-branches.yml,https://github.com/cloudposse-terraform-components/.github,,2,2,main,0,False,False,cloudposse-terraform-components/aws-glue-connection; cloudposse-terraform-components/aws-dns-primary
cloudposse/.github/.github/workflows/shared-release-branches.yml,cloudposse,.github,.github/workflows/shared-release-branches.yml,https://github.com/cloudposse/.github,,2,2,main,0,False,False,cloudposse/terraform-null-smtp-mail; cloudposse/terraform-aws-ssm-tls-self-signed-cert
redhat-actions/openshift-tools-installer,redhat-actions,openshift-tools-installer,,https://github.com/redhat-actions/openshift-tools-installer,https://github.com/marketplace/actions/openshift-tools-installer,2,2,v1,0,False,False,bcgov/nr-ems-wr; bcgov/nr-ems-wr
bcgov/quickstart-openshift-helpers/.github/workflows/.pr-close.yml,bcgov,quickstart-openshift-helpers,.github/workflows/.pr-close.yml,https://github.com/bcgov/quickstart-openshift-helpers,,2,2,v0.8.3,0,False,False,bcgov/nr-ems-wr; bcgov/nr-ems-wr
terraform-docs/gh-actions,terraform-docs,gh-actions,,https://github.com/terraform-docs/gh-actions,https://github.com/marketplace/actions/gh-actions,2,2,v1.2.0,0,False,False,canada-ca-terraform-modules/terraform-azurerm-caf-runbook; canada-ca-terraform-modules/terraform-azurerm-caf-runbook
ipdxco/unified-github-workflows/.github/workflows/go-test.yml,ipdxco,unified-github-workflows,.github/workflows/go-test.yml,https://github.com/ipdxco/unified-github-workflows,,2,2,v1.0,0,False,False,ipfs/go-ipfs-pq; ipfs/go-ipfs-pq
golangci/golangci-lint-action,golangci,golangci-lint-action,,https://github.com/golangci/golangci-lint-action,https://github.com/marketplace/actions/golangci-lint-action,2,2,,2,True,False,auth0/go-jwt-middleware; falcosecurity/falcosidekick
ministryofjustice/hmpps-github-actions/.github/workflows/gradle_verify.yml,ministryofjustice,hmpps-github-actions,.github/workflows/gradle_verify.yml,https://github.com/ministryofjustice/hmpps-github-actions,,2,2,v2,0,False,False,ministryofjustice/hmpps-external-movements-api; ministryofjustice/hmpps-nomis-mapping-service
opensearch-project/dashboards-anywhere/.github/workflows/functional-test-template.yml,opensearch-project,dashboards-anywhere,.github/workflows/functional-test-template.yml,https://github.com/opensearch-project/dashboards-anywhere,,6,2,observability; previewchangefeature; searchapps,0,False,False,opensearch-project/dashboards-anywhere; opensearch-project/dashboards-anywhere
ministryofjustice/hmpps-github-actions/.github/workflows/kotlin_validate.yml,ministryofjustice,hmpps-github-actions,.github/workflows/kotlin_validate.yml,https://github.com/ministryofjustice/hmpps-github-actions,,2,2,v2,0,False,False,ministryofjustice/hmpps-electronic-monitoring-data-insights-api; ministryofjustice/hmpps-person-on-probation-user-api
sourcegraph/workflows/.github/workflows/report-job-failure.yml,sourcegraph,workflows,.github/workflows/report-job-failure.yml,https://github.com/sourcegraph/workflows,,2,2,main,0,False,False,sourcegraph/terraform-aws-executors; sourcegraph/terraform-aws-executors
Azure/tfmod-scaffold/.github/workflows/pr-check.yaml,Azure,tfmod-scaffold,.github/workflows/pr-check.yaml,https://github.com/Azure/tfmod-scaffold,,2,2,main,0,False,False,Azure/terraform-azapi-hybridcontainerservice; Azure/terraform-azapi-hybridcontainerservice
ministryofjustice/hmpps-github-actions/.github/workflows/node_build.yml,ministryofjustice,hmpps-github-actions,.github/workflows/node_build.yml,https://github.com/ministryofjustice/hmpps-github-actions,,2,2,v2,0,False,False,ministryofjustice/check-my-diary; ministryofjustice/hmpps-manage-adjudications
ministryofjustice/hmpps-github-actions/.github/workflows/node_unit_tests.yml,ministryofjustice,hmpps-github-actions,.github/workflows/node_unit_tests.yml,https://github.com/ministryofjustice/hmpps-github-actions,,2,2,v2,0,False,False,ministryofjustice/check-my-diary; ministryofjustice/hmpps-manage-adjudications
astral-sh/setup-uv,astral-sh,setup-uv,,https://github.com/astral-sh/setup-uv,https://github.com/marketplace/actions/setup-uv,3,2,v6,1,True,True,pallets/itsdangerous; run-llama/liteparse
opensearch-project/dashboards-anywhere/.github/workflows/deployment-template.yml,opensearch-project,dashboards-anywhere,.github/workflows/deployment-template.yml,https://github.com/opensearch-project/dashboards-anywhere,,6,2,main,0,False,False,opensearch-project/dashboards-anywhere; opensearch-project/dashboards-anywhere
dpc-sdp/github-actions/.github/workflows/tide_merge_to_reference.yml,dpc-sdp,github-actions,.github/workflows/tide_merge_to_reference.yml,https://github.com/dpc-sdp/github-actions,,2,2,main,0,False,False,dpc-sdp/tide_authenticated_content; dpc-sdp/tide_authenticated_content
rapidsai/shared-workflows/.github/workflows/project-get-item-id.yaml,rapidsai,shared-workflows,.github/workflows/project-get-item-id.yaml,https://github.com/rapidsai/shared-workflows,,2,2,branch-25.06; main,0,False,False,rapidsai/cudf; rapidsai/cudf
step-security/harden-runner,step-security,harden-runner,,https://github.com/step-security/harden-runner,https://github.com/marketplace/actions/harden-runner,2,2,v2,1,True,True,Azure/ALZ-Bicep; nvm-sh/nvm
superbrothers/close-pull-request,superbrothers,close-pull-request,,https://github.com/superbrothers/close-pull-request,https://github.com/marketplace/actions/close-pull-request,2,2,v3,0,False,False,symfony/zulip-notifier; symfony/sms77-notifier
Forsakringskassan/.github/.github/workflows/maven-ci.yaml,Forsakringskassan,.github,.github/workflows/maven-ci.yaml,https://github.com/Forsakringskassan/.github,,2,2,main,0,False,False,Forsakringskassan/rimfrost-framework-handlaggning-adapter; Forsakringskassan/rimfrost-adapter-arbetsgivare
jenkins-infra/github-reusable-workflows/.github/workflows/maven-cd.yml,jenkins-infra,github-reusable-workflows,.github/workflows/maven-cd.yml,https://github.com/jenkins-infra/github-reusable-workflows,,2,2,v1,0,False,False,jenkinsci/workflow-scm-step-plugin; jenkinsci/ant-plugin
Forsakringskassan/.github/.github/workflows/pnr-scanner.yaml,Forsakringskassan,.github,.github/workflows/pnr-scanner.yaml,https://github.com/Forsakringskassan/.github,,2,2,main,0,False,False,Forsakringskassan/rimfrost-framework-handlaggning-adapter; Forsakringskassan/rimfrost-adapter-arbetsgivare
nationalarchives/ds-github-actions/.github/workflows/website-theme-deploy.yml,nationalarchives,ds-github-actions,.github/workflows/website-theme-deploy.yml,https://github.com/nationalarchives/ds-github-actions,,6,2,main,0,False,False,nationalarchives/tna-child-archives-inspire; nationalarchives/tna-child-archives-inspire
OpenAstronomy/github-actions-workflows/.github/workflows/tox.yml,OpenAstronomy,github-actions-workflows,.github/workflows/tox.yml,https://github.com/OpenAstronomy/github-actions-workflows,,8,2,main; v1; v2,0,False,False,sunpy/sunpy; sunpy/sunpy
sunpy/github-actions-workflows/.github/workflows/publish.yml,sunpy,github-actions-workflows,.github/workflows/publish.yml,https://github.com/sunpy/github-actions-workflows,,2,2,main,0,False,False,sunpy/sunpy; sunpy/sunpy
OpenAstronomy/github-actions-workflows/.github/workflows/publish_pure_python.yml,OpenAstronomy,github-actions-workflows,.github/workflows/publish_pure_python.yml,https://github.com/OpenAstronomy/github-actions-workflows,,2,2,main; v2,0,False,False,sunpy/sunpy; sunpy/sunpy
Cadair/matrix-notify-action,Cadair,matrix-notify-action,,https://github.com/Cadair/matrix-notify-action,https://github.com/marketplace/actions/matrix-notify-action,2,2,main,0,False,False,sunpy/sunpy; sunpy/sunpy
cla-assistant/github-action,cla-assistant,github-action,,https://github.com/cla-assistant/github-action,https://github.com/marketplace/actions/github-action,2,2,v2.1.2-beta,0,False,False,oracle-devrel/terraform-oci-code-server; oracle-devrel/terraform-oci-multi-arch-generic-compute
codecov/codecov-action,codecov,codecov-action,,https://github.com/codecov/codecov-action,https://github.com/marketplace/actions/codecov-action,2,2,v4; v5,0,False,False,open-cluster-management-io/cluster-permission; aio-libs/aiohttp-debugtoolbar
1password/load-secrets-action,1password,load-secrets-action,,https://github.com/1password/load-secrets-action,https://github.com/marketplace/actions/load-secrets-action,2,2,,1,True,False,minder-load-tests/demo-go-602; minder-load-tests/demo-go-525
slackapi/slack-github-action,slackapi,slack-github-action,,https://github.com/slackapi/slack-github-action,https://github.com/marketplace/actions/slack-github-action,2,2,v2.1.1,1,True,True,DataDog/dd-trace-js; apollographql/rover
rapidsai/shared-workflows/.github/workflows/wheels-test.yaml,rapidsai,shared-workflows,.github/workflows/wheels-test.yaml,https://github.com/rapidsai/shared-workflows,,3,2,branch-25.08; branch-25.10,0,False,False,rapidsai/cuml; rapidsai/nx-cugraph
rapidsai/shared-workflows/.github/workflows/conda-python-tests.yaml,rapidsai,shared-workflows,.github/workflows/conda-python-tests.yaml,https://github.com/rapidsai/shared-workflows,,4,2,branch-25.08; branch-25.10,0,False,False,rapidsai/cuml; rapidsai/nx-cugraph
turbot/steampipe-workflows/.github/workflows/sync-labels.yml,turbot,steampipe-workflows,.github/workflows/sync-labels.yml,https://github.com/turbot/steampipe-workflows,,2,2,main,0,False,False,turbot/steampipe-mod-gcp-compliance; turbot/steampipe-mod-gcp-compliance
turbot/steampipe-workflows/.github/workflows/steampipe-anywhere.yml,turbot,steampipe-workflows,.github/workflows/steampipe-anywhere.yml,https://github.com/turbot/steampipe-workflows,,2,2,main,0,False,False,turbot/steampipe-plugin-equinix; turbot/steampipe-plugin-equinix
ljharb/actions/.github/workflows/rebase.yml,ljharb,actions,.github/workflows/rebase.yml,https://github.com/ljharb/actions,,1,1,main,0,False,False,ljharb/call-bind
microsoft/mu_devops/.github/workflows/LabelSyncer.yml,microsoft,mu_devops,.github/workflows/LabelSyncer.yml,https://github.com/microsoft/mu_devops,,1,1,v10.0.0,0,False,False,microsoft/mu_feature_dfci
turbot/steampipe-workflows/.github/workflows/registry-publish-ghcr.yml,turbot,steampipe-workflows,.github/workflows/registry-publish-ghcr.yml,https://github.com/turbot/steampipe-workflows,,1,1,main,0,False,False,turbot/steampipe-plugin-ibm
Kong/kong-license,Kong,kong-license,,https://github.com/Kong/kong-license,https://github.com/marketplace/actions/kong-license,1,1,master,0,False,False,Kong/kong-pongo
Hapag-Lloyd/Workflow-Templates/.github/workflows/default_stale_callable.yml,Hapag-Lloyd,Workflow-Templates,.github/workflows/default_stale_callable.yml,https://github.com/Hapag-Lloyd/Workflow-Templates,,1,1,,1,True,False,Hapag-Lloyd/.github
rapidsai/shared-workflows/.github/workflows/conda-cpp-post-build-checks.yaml,rapidsai,shared-workflows,.github/workflows/conda-cpp-post-build-checks.yaml,https://github.com/rapidsai/shared-workflows,,1,1,branch-25.08,0,False,False,rapidsai/cuml
rapidsai/shared-workflows/.github/workflows/conda-cpp-tests.yaml,rapidsai,shared-workflows,.github/workflows/conda-cpp-tests.yaml,https://github.com/rapidsai/shared-workflows,,1,1,branch-25.08,0,False,False,rapidsai/cuml
city-of-helsinki/drupal-gh-actions/.github/workflows/project-tests.yml,city-of-helsinki,drupal-gh-actions,.github/workflows/project-tests.yml,https://github.com/city-of-helsinki/drupal-gh-actions,,1,1,main,0,False,False,City-of-Helsinki/drupal-helfi-etusivu
pulumi/esc-action,pulumi,esc-action,,https://github.com/pulumi/esc-action,https://github.com/marketplace/actions/esc-action,1,1,,1,True,False,pulumi/pulumi-fastly
jdx/mise-action,jdx,mise-action,,https://github.com/jdx/mise-action,https://github.com/marketplace/actions/mise-action,1,1,v3,0,False,False,pulumi/pulumi-fastly
salesforcecli/github-workflows/.github/workflows/unitTest.yml,salesforcecli,github-workflows,.github/workflows/unitTest.yml,https://github.com/salesforcecli/github-workflows,,1,1,main,0,False,False,salesforcecli/plugin-flow
it-at-m/lhm_actions/action-templates/actions/action-checkout,it-at-m,lhm_actions,action-templates/actions/action-checkout,https://github.com/it-at-m/lhm_actions,,1,1,,1,True,False,it-at-m/keycloak-require-http-header-authenticator-plugin
it-at-m/lhm_actions/action-templates/actions/action-npm-build,it-at-m,lhm_actions,action-templates/actions/action-npm-build,https://github.com/it-at-m/lhm_actions,,1,1,,1,True,False,it-at-m/keycloak-require-http-header-authenticator-plugin
it-at-m/lhm_actions/action-templates/actions/action-maven-build,it-at-m,lhm_actions,action-templates/actions/action-maven-build,https://github.com/it-at-m/lhm_actions,,1,1,,1,True,False,it-at-m/keycloak-require-http-header-authenticator-plugin
jenkins-infra/github-reusable-workflows/.github/workflows/auto-merge-safe-deps.yml,jenkins-infra,github-reusable-workflows,.github/workflows/auto-merge-safe-deps.yml,https://github.com/jenkins-infra/github-reusable-workflows,,1,1,v1,0,False,False,jenkinsci/durable-task-plugin
Sundsvallskommun/.github/.github/workflows/java-codeql.yml,Sundsvallskommun,.github,.github/workflows/java-codeql.yml,https://github.com/Sundsvallskommun/.github,,1,1,main,0,False,False,Sundsvallskommun/api-service-byggr-integrator
securego/gosec,securego,gosec,,https://github.com/securego/gosec,https://github.com/marketplace/actions/gosec,1,1,master,0,False,False,open-cluster-management-io/cluster-permission
engineerd/setup-kind,engineerd,setup-kind,,https://github.com/engineerd/setup-kind,https://github.com/marketplace/actions/setup-kind,2,1,v0.5.0,0,False,False,open-cluster-management-io/cluster-permission
Homebrew/actions/setup-homebrew,Homebrew,actions,setup-homebrew,https://github.com/Homebrew/actions,,1,1,master,0,False,False,nvm-sh/nvm
ko-build/setup-ko,ko-build,setup-ko,,https://github.com/ko-build/setup-ko,https://github.com/marketplace/actions/setup-ko,1,1,,1,True,False,sigstore/fulcio
chainguard-dev/actions/setup-kind,chainguard-dev,actions,setup-kind,https://github.com/chainguard-dev/actions,,1,1,,1,True,False,sigstore/fulcio
chainguard-dev/actions/kind-diag,chainguard-dev,actions,kind-diag,https://github.com/chainguard-dev/actions,,1,1,,1,True,False,sigstore/fulcio
wp-cli/.github/.github/workflows/reusable-issue-triage.yml,wp-cli,.github,.github/workflows/reusable-issue-triage.yml,https://github.com/wp-cli/.github,,1,1,main,0,False,False,wp-cli/embed-command
zopencommunity/meta/actions,zopencommunity,meta,actions,https://github.com/zopencommunity/meta,,1,1,main,0,False,False,zopencommunity/netpbmport
actions-ecosystem/action-remove-labels,actions-ecosystem,action-remove-labels,,https://github.com/actions-ecosystem/action-remove-labels,https://github.com/marketplace/actions/action-remove-labels,1,1,,1,True,False,qnx/protobuf
insightsengineering/r.pkg.template/.github/workflows/roxygen.yaml,insightsengineering,r.pkg.template,.github/workflows/roxygen.yaml,https://github.com/insightsengineering/r.pkg.template,,1,1,main,0,False,False,insightsengineering/roxy.shinylive
insightsengineering/r.pkg.template/.github/workflows/gitleaks.yaml,insightsengineering,r.pkg.template,.github/workflows/gitleaks.yaml,https://github.com/insightsengineering/r.pkg.template,,1,1,main,0,False,False,insightsengineering/roxy.shinylive
insightsengineering/r.pkg.template/.github/workflows/spelling.yaml,insightsengineering,r.pkg.template,.github/workflows/spelling.yaml,https://github.com/insightsengineering/r.pkg.template,,1,1,main,0,False,False,insightsengineering/roxy.shinylive
insightsengineering/r.pkg.template/.github/workflows/links.yaml,insightsengineering,r.pkg.template,.github/workflows/links.yaml,https://github.com/insightsengineering/r.pkg.template,,1,1,main,0,False,False,insightsengineering/roxy.shinylive
insightsengineering/r.pkg.template/.github/workflows/version-bump.yaml,insightsengineering,r.pkg.template,.github/workflows/version-bump.yaml,https://github.com/insightsengineering/r.pkg.template,,1,1,main,0,False,False,insightsengineering/roxy.shinylive
insightsengineering/r.pkg.template/.github/workflows/version.yaml,insightsengineering,r.pkg.template,.github/workflows/version.yaml,https://github.com/insightsengineering/r.pkg.template,,1,1,main,0,False,False,insightsengineering/roxy.shinylive
insightsengineering/r.pkg.template/.github/workflows/licenses.yaml,insightsengineering,r.pkg.template,.github/workflows/licenses.yaml,https://github.com/insightsengineering/r.pkg.template,,1,1,main,0,False,False,insightsengineering/roxy.shinylive
insightsengineering/r.pkg.template/.github/workflows/style.yaml,insightsengineering,r.pkg.template,.github/workflows/style.yaml,https://github.com/insightsengineering/r.pkg.template,,1,1,main,0,False,False,insightsengineering/roxy.shinylive
insightsengineering/r.pkg.template/.github/workflows/grammar.yaml,insightsengineering,r.pkg.template,.github/workflows/grammar.yaml,https://github.com/insightsengineering/r.pkg.template,,1,1,main,0,False,False,insightsengineering/roxy.shinylive
i-dot-ai/i-dot-ai-core-github-actions/.github/workflows/start-runner.yml,i-dot-ai,i-dot-ai-core-github-actions,.github/workflows/start-runner.yml,https://github.com/i-dot-ai/i-dot-ai-core-github-actions,,1,1,main,0,False,False,i-dot-ai/consult
i-dot-ai/i-dot-ai-core-github-actions/.github/workflows/apply-terraform.yml,i-dot-ai,i-dot-ai-core-github-actions,.github/workflows/apply-terraform.yml,https://github.com/i-dot-ai/i-dot-ai-core-github-actions,,1,1,main,0,False,False,i-dot-ai/consult
i-dot-ai/i-dot-ai-core-github-actions/.github/workflows/stop-runner.yml,i-dot-ai,i-dot-ai-core-github-actions,.github/workflows/stop-runner.yml,https://github.com/i-dot-ai/i-dot-ai-core-github-actions,,1,1,main,0,False,False,i-dot-ai/consult
huggingface/hf-workflows/.github/workflows/transformers_amd_ci_scheduled.yaml,huggingface,hf-workflows,.github/workflows/transformers_amd_ci_scheduled.yaml,https://github.com/huggingface/hf-workflows,,4,1,main,0,False,False,huggingface/transformers
wagoid/commitlint-github-action,wagoid,commitlint-github-action,,https://github.com/wagoid/commitlint-github-action,https://github.com/marketplace/actions/commitlint-github-action,1,1,v4,0,False,False,SAP/neonbee
RegioneER/parer-github-template/.github/workflows/compile.yml,RegioneER,parer-github-template,.github/workflows/compile.yml,https://github.com/RegioneER/parer-github-template,,1,1,v1,0,False,False,RegioneER/parer-dpi
sorenlouv/backport-github-action,sorenlouv,backport-github-action,,https://github.com/sorenlouv/backport-github-action,https://github.com/marketplace/actions/backport-github-action,1,1,v10.2.0,0,False,False,elastic/ml-cpp
dpc-sdp/github-actions/.github/workflows/tide_build.yml,dpc-sdp,github-actions,.github/workflows/tide_build.yml,https://github.com/dpc-sdp/github-actions,,1,1,main,0,False,False,dpc-sdp/tide_demo_content
dpc-sdp/github-actions/.github/workflows/export_config.yml,dpc-sdp,github-actions,.github/workflows/export_config.yml,https://github.com/dpc-sdp/github-actions,,1,1,main,0,False,False,dpc-sdp/tide_demo_content
py-actions/py-dependency-install,py-actions,py-dependency-install,,https://github.com/py-actions/py-dependency-install,https://github.com/marketplace/actions/py-dependency-install,2,1,v4,0,False,False,aio-libs/aiohttp-debugtoolbar
aio-libs/create-release,aio-libs,create-release,,https://github.com/aio-libs/create-release,https://github.com/marketplace/actions/create-release,1,1,v1.6.6,0,False,False,aio-libs/aiohttp-debugtoolbar
taiki-e/github-actions/.github/workflows/miri.yml,taiki-e,github-actions,.github/workflows/miri.yml,https://github.com/taiki-e/github-actions,,1,1,main,0,False,False,taiki-e/build-context
taiki-e/github-actions/.github/workflows/msrv.yml,taiki-e,github-actions,.github/workflows/msrv.yml,https://github.com/taiki-e/github-actions,,1,1,main,0,False,False,taiki-e/build-context
taiki-e/github-actions/.github/workflows/test.yml,taiki-e,github-actions,.github/workflows/test.yml,https://github.com/taiki-e/github-actions,,1,1,main,0,False,False,taiki-e/build-context
taiki-e/github-actions/.github/workflows/tidy.yml,taiki-e,github-actions,.github/workflows/tidy.yml,https://github.com/taiki-e/github-actions,,1,1,main,0,False,False,taiki-e/build-context
Sundsvallskommun/shared-workflows/.github/workflows/common-dependabot-reviewer.yml,Sundsvallskommun,shared-workflows,.github/workflows/common-dependabot-reviewer.yml,https://github.com/Sundsvallskommun/shared-workflows,,1,1,main,0,False,False,Sundsvallskommun/api-service-installation
icewind1991/nextcloud-version-matrix,icewind1991,nextcloud-version-matrix,,https://github.com/icewind1991/nextcloud-version-matrix,https://github.com/marketplace/actions/nextcloud-version-matrix,1,1,,1,True,False,nextcloud/event_update_notification
shivammathur/setup-php,shivammathur,setup-php,,https://github.com/shivammathur/setup-php,https://github.com/marketplace/actions/setup-php,1,1,,1,True,False,nextcloud/event_update_notification
andstor/file-existence-action,andstor,file-existence-action,,https://github.com/andstor/file-existence-action,https://github.com/marketplace/actions/file-existence-action,2,1,,1,True,False,nextcloud/event_update_notification
svenstaro/upload-release-action,svenstaro,upload-release-action,,https://github.com/svenstaro/upload-release-action,https://github.com/marketplace/actions/upload-release-action,1,1,,1,True,False,nextcloud/event_update_notification
nextcloud-releases/nextcloud-appstore-push-action,nextcloud-releases,nextcloud-appstore-push-action,,https://github.com/nextcloud-releases/nextcloud-appstore-push-action,https://github.com/marketplace/actions/nextcloud-appstore-push-action,1,1,,1,True,False,nextcloud/event_update_notification
gradle/wrapper-validation-action,gradle,wrapper-validation-action,,https://github.com/gradle/wrapper-validation-action,https://github.com/marketplace/actions/wrapper-validation-action,1,1,v1,0,False,False,nebula-plugins/gradle-netflixoss-project-plugin
neuro-inc/reuse/.github/workflows/release-service.yaml,neuro-inc,reuse,.github/workflows/release-service.yaml,https://github.com/neuro-inc/reuse,,1,1,v25.4.0,0,False,False,neuro-inc/platform-registry-api
neuro-inc/reuse/.github/workflows/deploy-service.yaml,neuro-inc,reuse,.github/workflows/deploy-service.yaml,https://github.com/neuro-inc/reuse,,1,1,v25.4.0,0,False,False,neuro-inc/platform-registry-api
rez0n/actions-github-release,rez0n,actions-github-release,,https://github.com/rez0n/actions-github-release,https://github.com/marketplace/actions/actions-github-release,1,1,,1,True,False,falcosecurity/libs
leodido/rn2md,leodido,rn2md,,https://github.com/leodido/rn2md,https://github.com/marketplace/actions/rn2md,2,1,,1,True,False,falcosecurity/libs
softprops/action-gh-release,softprops,action-gh-release,,https://github.com/softprops/action-gh-release,https://github.com/marketplace/actions/action-gh-release,2,1,,1,True,False,falcosecurity/libs
insightsengineering/r.pkg.template/.github/workflows/audit.yaml,insightsengineering,r.pkg.template,.github/workflows/audit.yaml,https://github.com/insightsengineering/r.pkg.template,,1,1,main,0,False,False,insightsengineering/roxy.shinylive
insightsengineering/r.pkg.template/.github/workflows/build-check-install.yaml,insightsengineering,r.pkg.template,.github/workflows/build-check-install.yaml,https://github.com/insightsengineering/r.pkg.template,,2,1,main,0,False,False,insightsengineering/roxy.shinylive
insightsengineering/r.pkg.template/.github/workflows/test-coverage.yaml,insightsengineering,r.pkg.template,.github/workflows/test-coverage.yaml,https://github.com/insightsengineering/r.pkg.template,,1,1,main,0,False,False,insightsengineering/roxy.shinylive
insightsengineering/r.pkg.template/.github/workflows/linter.yaml,insightsengineering,r.pkg.template,.github/workflows/linter.yaml,https://github.com/insightsengineering/r.pkg.template,,1,1,main,0,False,False,insightsengineering/roxy.shinylive
Azure/terraform-azurerm-avm-template/.github/workflows/test-examples-template.yml,Azure,terraform-azurerm-avm-template,.github/workflows/test-examples-template.yml,https://github.com/Azure/terraform-azurerm-avm-template,,1,1,main,0,False,False,Azure/terraform-azurerm-avm-res-portal-dashboard
zdharma-continuum/.github/.github/workflows/commit-job.yml,zdharma-continuum,.github,.github/workflows/commit-job.yml,https://github.com/zdharma-continuum/.github,,1,1,main,0,False,False,zdharma-continuum/hacking-private
bytecodealliance/labeler,bytecodealliance,labeler,,https://github.com/bytecodealliance/labeler,https://github.com/marketplace/actions/labeler,1,1,schedule-fork,0,False,False,bytecodealliance/wasmtime
bytecodealliance/subscribe-to-label-action,bytecodealliance,subscribe-to-label-action,,https://github.com/bytecodealliance/subscribe-to-label-action,https://github.com/marketplace/actions/subscribe-to-label-action,1,1,v1,0,False,False,bytecodealliance/wasmtime
bytecodealliance/label-messager-action,bytecodealliance,label-messager-action,,https://github.com/bytecodealliance/label-messager-action,https://github.com/marketplace/actions/label-messager-action,1,1,v1,0,False,False,bytecodealliance/wasmtime
canonical/turtlebot3c-snap/.github/workflows/snap.yaml,canonical,turtlebot3c-snap,.github/workflows/snap.yaml,https://github.com/canonical/turtlebot3c-snap,,4,1,feature/multi-snap; feature/multi-snap-humble; feature/multi-snap-jazzy; noetic-devel,0,False,False,canonical/turtlebot3c-snap
databricks/run-notebook,databricks,run-notebook,,https://github.com/databricks/run-notebook,https://github.com/marketplace/actions/run-notebook,1,1,v0,0,False,False,databricks-industry-solutions/toxicity-detection-in-gaming
getsentry/github-workflows/.github/workflows/updater.yml,getsentry,github-workflows,.github/workflows/updater.yml,https://github.com/getsentry/github-workflows,,5,1,v2,0,False,False,getsentry/sentry-capacitor
mszostok/codeowners-validator,mszostok,codeowners-validator,,https://github.com/mszostok/codeowners-validator,https://github.com/marketplace/actions/codeowners-validator,2,1,v0.7.4,0,False,False,cloudposse/test-helpers
cloudposse-terraform-components/.github/.github/workflows/shared-auto-merge.yml,cloudposse-terraform-components,.github,.github/workflows/shared-auto-merge.yml,https://github.com/cloudposse-terraform-components/.github,,1,1,main,0,False,False,cloudposse-terraform-components/aws-dms-iam
cloudposse/.github/.github/workflows/shared-terraform-scheduled.yml,cloudposse,.github,.github/workflows/shared-terraform-scheduled.yml,https://github.com/cloudposse/.github,,1,1,main,0,False,False,cloudposse/terraform-aws-budgets
discourse/.github/.github/workflows/discourse-plugin.yml,discourse,.github,.github/workflows/discourse-plugin.yml,https://github.com/discourse/.github,,1,1,v1,0,False,False,discourse/discourse-livestream
docker/setup-qemu-action,docker,setup-qemu-action,,https://github.com/docker/setup-qemu-action,https://github.com/marketplace/actions/setup-qemu-action,1,1,v3,0,False,False,docker/build-push-action
docker/setup-buildx-action,docker,setup-buildx-action,,https://github.com/docker/setup-buildx-action,https://github.com/marketplace/actions/setup-buildx-action,1,1,v3,0,False,False,docker/build-push-action
stolostron/governance-policy-framework/.github/workflows/sonarcloud.yml,stolostron,governance-policy-framework,.github/workflows/sonarcloud.yml,https://github.com/stolostron/governance-policy-framework,,1,1,main,0,False,False,stolostron/config-policy-controller
skjnldsv/check-actor-permission,skjnldsv,check-actor-permission,,https://github.com/skjnldsv/check-actor-permission,https://github.com/marketplace/actions/check-actor-permission,1,1,,1,True,False,nextcloud/event_update_notification
skjnldsv/xpath-action,skjnldsv,xpath-action,,https://github.com/skjnldsv/xpath-action,https://github.com/marketplace/actions/xpath-action,1,1,,1,True,False,nextcloud/event_update_notification
skjnldsv/read-package-engines-version-actions,skjnldsv,read-package-engines-version-actions,,https://github.com/skjnldsv/read-package-engines-version-actions,https://github.com/marketplace/actions/read-package-engines-version-actions,1,1,,1,True,False,nextcloud/event_update_notification
zdharma-continuum/.github/.github/workflows/lint-job.yml,zdharma-continuum,.github,.github/workflows/lint-job.yml,https://github.com/zdharma-continuum/.github,,1,1,main,0,False,False,zdharma-continuum/hacking-private
ministryofjustice/hmpps-github-actions/.github/workflows/node_integration_tests.yml,ministryofjustice,hmpps-github-actions,.github/workflows/node_integration_tests.yml,https://github.com/ministryofjustice/hmpps-github-actions,,1,1,v2,0,False,False,ministryofjustice/check-my-diary
ministryofjustice/hmpps-github-actions/.github/actions/build-test-and-deploy/create_app_version,ministryofjustice,hmpps-github-actions,.github/actions/build-test-and-deploy/create_app_version,https://github.com/ministryofjustice/hmpps-github-actions,,1,1,v2,0,False,False,ministryofjustice/hmpps-nomis-mapping-service
pypa/gh-action-pypi-publish,pypa,gh-action-pypi-publish,,https://github.com/pypa/gh-action-pypi-publish,https://github.com/marketplace/actions/gh-action-pypi-publish,1,1,v1.4.2,0,False,False,repo-helper/hatch-requirements-txt
conda-incubator/setup-miniconda,conda-incubator,setup-miniconda,,https://github.com/conda-incubator/setup-miniconda,https://github.com/marketplace/actions/setup-miniconda,1,1,v2.1.1,0,False,False,repo-helper/hatch-requirements-txt
cisagov/action-job-preamble,cisagov,action-job-preamble,,https://github.com/cisagov/action-job-preamble,https://github.com/marketplace/actions/action-job-preamble,2,1,v1,0,False,False,cisagov/skeleton-tf-module
github/codeql-action/init,github,codeql-action,init,https://github.com/github/codeql-action,,1,1,v3,0,False,False,cisagov/skeleton-tf-module
github/codeql-action/autobuild,github,codeql-action,autobuild,https://github.com/github/codeql-action,,1,1,v3,0,False,False,cisagov/skeleton-tf-module
github/codeql-action/analyze,github,codeql-action,analyze,https://github.com/github/codeql-action,,1,1,v3,0,False,False,cisagov/skeleton-tf-module
canonical/sdcore-github-workflows/.github/workflows/codeql-analysis.yml,canonical,sdcore-github-workflows,.github/workflows/codeql-analysis.yml,https://github.com/canonical/sdcore-github-workflows,,1,1,v2.3.8,0,False,False,canonical/sdcore-router-k8s-operator
canonical/sdcore-github-workflows/.github/workflows/lint-report.yaml,canonical,sdcore-github-workflows,.github/workflows/lint-report.yaml,https://github.com/canonical/sdcore-github-workflows,,1,1,v2.3.8,0,False,False,canonical/sdcore-router-k8s-operator
canonical/sdcore-github-workflows/.github/workflows/terraform.yaml,canonical,sdcore-github-workflows,.github/workflows/terraform.yaml,https://github.com/canonical/sdcore-github-workflows,,1,1,v2.3.8,0,False,False,canonical/sdcore-router-k8s-operator
canonical/sdcore-github-workflows/.github/workflows/static-analysis.yaml,canonical,sdcore-github-workflows,.github/workflows/static-analysis.yaml,https://github.com/canonical/sdcore-github-workflows,,1,1,v2.3.8,0,False,False,canonical/sdcore-router-k8s-operator
canonical/sdcore-github-workflows/.github/workflows/unit-test.yaml,canonical,sdcore-github-workflows,.github/workflows/unit-test.yaml,https://github.com/canonical/sdcore-github-workflows,,1,1,v2.3.8,0,False,False,canonical/sdcore-router-k8s-operator
canonical/sdcore-github-workflows/.github/workflows/build.yaml,canonical,sdcore-github-workflows,.github/workflows/build.yaml,https://github.com/canonical/sdcore-github-workflows,,1,1,v2.3.8,0,False,False,canonical/sdcore-router-k8s-operator
canonical/sdcore-github-workflows/.github/workflows/integration-test.yaml,canonical,sdcore-github-workflows,.github/workflows/integration-test.yaml,https://github.com/canonical/sdcore-github-workflows,,1,1,v2.3.8,0,False,False,canonical/sdcore-router-k8s-operator
ministryofjustice/hmpps-github-actions/.github/workflows/node_integration_tests_redis.yml,ministryofjustice,hmpps-github-actions,.github/workflows/node_integration_tests_redis.yml,https://github.com/ministryofjustice/hmpps-github-actions,,1,1,v2,0,False,False,ministryofjustice/hmpps-manage-adjudications
bcgov/action-builder-ghcr,bcgov,action-builder-ghcr,,https://github.com/bcgov/action-builder-ghcr,https://github.com/marketplace/actions/action-builder-ghcr,1,1,,1,True,False,bcgov/nr-waste-plus
rapidsai/shared-workflows/.github/workflows/project-get-set-iteration-field.yaml,rapidsai,shared-workflows,.github/workflows/project-get-set-iteration-field.yaml,https://github.com/rapidsai/shared-workflows,,1,1,branch-25.06,0,False,False,rapidsai/cudf
actions/create-github-app-token,actions,create-github-app-token,,https://github.com/actions/create-github-app-token,https://github.com/marketplace/actions/create-github-app-token,1,1,,1,True,False,Geonovum/geooptijd
kyma-project/serverless/.github/workflows/_unit-tests.yaml,kyma-project,serverless,.github/workflows/_unit-tests.yaml,https://github.com/kyma-project/serverless,,1,1,main,0,False,False,kyma-project/serverless
kyma-project/serverless/.github/workflows/_gitleaks.yaml,kyma-project,serverless,.github/workflows/_gitleaks.yaml,https://github.com/kyma-project/serverless,,1,1,main,0,False,False,kyma-project/serverless
kyma-project/serverless/.github/workflows/_images-verify.yaml,kyma-project,serverless,.github/workflows/_images-verify.yaml,https://github.com/kyma-project/serverless,,1,1,main,0,False,False,kyma-project/serverless
kyma-project/serverless/.github/workflows/_build.yaml,kyma-project,serverless,.github/workflows/_build.yaml,https://github.com/kyma-project/serverless,,1,1,main,0,False,False,kyma-project/serverless
kyma-project/serverless/.github/workflows/_integration-tests.yaml,kyma-project,serverless,.github/workflows/_integration-tests.yaml,https://github.com/kyma-project/serverless,,1,1,main,0,False,False,kyma-project/serverless
swiftlang/github-workflows/.github/workflows/swift_package_test.yml,swiftlang,github-workflows,.github/workflows/swift_package_test.yml,https://github.com/swiftlang/github-workflows,,1,1,main,0,False,False,apple/swift-algorithms
apple/swift-nio/.github/workflows/unit_tests.yml,apple,swift-nio,.github/workflows/unit_tests.yml,https://github.com/apple/swift-nio,,1,1,main,0,False,False,apple/swift-service-context
apple/swift-nio/.github/workflows/benchmarks.yml,apple,swift-nio,.github/workflows/benchmarks.yml,https://github.com/apple/swift-nio,,1,1,main,0,False,False,apple/swift-service-context
apple/swift-nio/.github/workflows/cxx_interop.yml,apple,swift-nio,.github/workflows/cxx_interop.yml,https://github.com/apple/swift-nio,,1,1,main,0,False,False,apple/swift-service-context
apple/swift-nio/.github/workflows/static_sdk.yml,apple,swift-nio,.github/workflows/static_sdk.yml,https://github.com/apple/swift-nio,,1,1,main,0,False,False,apple/swift-service-context
apple/swift-nio/.github/workflows/macos_tests.yml,apple,swift-nio,.github/workflows/macos_tests.yml,https://github.com/apple/swift-nio,,1,1,main,0,False,False,apple/swift-service-context
aws-deadline/.github/.github/workflows/reusable_extract_pr_details.yml,aws-deadline,.github,.github/workflows/reusable_extract_pr_details.yml,https://github.com/aws-deadline/.github,,1,1,mainline,0,False,False,aws-deadline/deadline-cloud-for-after-effects
aws-deadline/.github/.github/workflows/reusable_label_pr.yml,aws-deadline,.github,.github/workflows/reusable_label_pr.yml,https://github.com/aws-deadline/.github,,1,1,mainline,0,False,False,aws-deadline/deadline-cloud-for-after-effects
artsy/duchamp/.github/workflows/conventional-commits-check.yml,artsy,duchamp,.github/workflows/conventional-commits-check.yml,https://github.com/artsy/duchamp,,1,1,main,0,False,False,artsy/volley
Adobe-Enterprise-Docs/workflows/.github/workflows/validate-articles.yml,Adobe-Enterprise-Docs,workflows,.github/workflows/validate-articles.yml,https://github.com/Adobe-Enterprise-Docs/workflows,,1,1,main,0,False,False,AdobeDocs/campaign.ko-KR
fluxcd/gha-workflows/.github/workflows/controller-release.yaml,fluxcd,gha-workflows,.github/workflows/controller-release.yaml,https://github.com/fluxcd/gha-workflows,,1,1,v0.4.0,0,False,False,fluxcd/image-reflector-controller
slsa-framework/slsa-github-generator/.github/workflows/generator_generic_slsa3.yml,slsa-framework,slsa-github-generator,.github/workflows/generator_generic_slsa3.yml,https://github.com/slsa-framework/slsa-github-generator,,1,1,v2.1.0,0,False,False,fluxcd/image-reflector-controller
slsa-framework/slsa-github-generator/.github/workflows/generator_container_slsa3.yml,slsa-framework,slsa-github-generator,.github/workflows/generator_container_slsa3.yml,https://github.com/slsa-framework/slsa-github-generator,,2,1,v2.1.0,0,False,False,fluxcd/image-reflector-controller
fivetran/dbt_package_automations/.github/workflows/auto-release.yml,fivetran,dbt_package_automations,.github/workflows/auto-release.yml,https://github.com/fivetran/dbt_package_automations,,1,1,main,0,False,False,fivetran/dbt_pardot_source
luchihoratiu/notify-via-slack,luchihoratiu,notify-via-slack,,https://github.com/luchihoratiu/notify-via-slack,https://github.com/marketplace/actions/notify-via-slack,1,1,main,0,False,False,puppetlabs/puppetlabs-yumrepo_core
puppetlabs/cat-github-actions/.github/workflows/module_ci.yml,puppetlabs,cat-github-actions,.github/workflows/module_ci.yml,https://github.com/puppetlabs/cat-github-actions,,1,1,main,0,False,False,puppetlabs/puppetlabs-stdlib
puppetlabs/cat-github-actions/.github/workflows/module_acceptance.yml,puppetlabs,cat-github-actions,.github/workflows/module_acceptance.yml,https://github.com/puppetlabs/cat-github-actions,,1,1,main,0,False,False,puppetlabs/puppetlabs-stdlib
thollander/actions-comment-pull-request,thollander,actions-comment-pull-request,,https://github.com/thollander/actions-comment-pull-request,https://github.com/marketplace/actions/actions-comment-pull-request,1,1,,1,True,False,pulumi/pulumi-pagerduty
denoland/setup-deno,denoland,setup-deno,,https://github.com/denoland/setup-deno,https://github.com/marketplace/actions/setup-deno,1,1,v2,0,False,False,kyoh86/ddu-source-git_diff_tree
rhysd/action-setup-vim,rhysd,action-setup-vim,,https://github.com/rhysd/action-setup-vim,https://github.com/marketplace/actions/action-setup-vim,2,1,v1,0,False,False,kyoh86/ddu-source-git_diff_tree
lacework/oss-actions/.github/workflows/tf-test-compatibility.yml,lacework,oss-actions,.github/workflows/tf-test-compatibility.yml,https://github.com/lacework/oss-actions,,1,1,main,0,False,False,lacework/terraform-gcp-config
kyma-project/keda-manager/.github/workflows/_unit-tests.yaml,kyma-project,keda-manager,.github/workflows/_unit-tests.yaml,https://github.com/kyma-project/keda-manager,,1,1,release-1.9,0,False,False,kyma-project/keda-manager
kyma-project/keda-manager/.github/workflows/_gitleaks.yaml,kyma-project,keda-manager,.github/workflows/_gitleaks.yaml,https://github.com/kyma-project/keda-manager,,1,1,release-1.9,0,False,False,kyma-project/keda-manager
kyma-project/keda-manager/.github/workflows/_build.yaml,kyma-project,keda-manager,.github/workflows/_build.yaml,https://github.com/kyma-project/keda-manager,,1,1,release-1.9,0,False,False,kyma-project/keda-manager
kyma-project/keda-manager/.github/workflows/_integration-tests.yaml,kyma-project,keda-manager,.github/workflows/_integration-tests.yaml,https://github.com/kyma-project/keda-manager,,1,1,release-1.9,0,False,False,kyma-project/keda-manager
kyma-project/test-infra/.github/workflows/image-builder.yml,kyma-project,test-infra,.github/workflows/image-builder.yml,https://github.com/kyma-project/test-infra,,2,1,main,0,False,False,kyma-project/application-connector-manager
navikt/mob-gha-workflows/.github/workflows/node-build-push-image.yaml,navikt,mob-gha-workflows,.github/workflows/node-build-push-image.yaml,https://github.com/navikt/mob-gha-workflows,,1,1,main,0,False,False,navikt/sokos-up-spk-mottak
navikt/mob-gha-workflows/.github/workflows/nais-deploy.yaml,navikt,mob-gha-workflows,.github/workflows/nais-deploy.yaml,https://github.com/navikt/mob-gha-workflows,,1,1,main,0,False,False,navikt/sokos-up-spk-mottak
navikt/mob-gha-workflows/.github/workflows/gradle-build-push-image.yaml,navikt,mob-gha-workflows,.github/workflows/gradle-build-push-image.yaml,https://github.com/navikt/mob-gha-workflows,,1,1,main,0,False,False,navikt/sokos-oppdrag
navikt/mob-gha-workflows/.github/workflows/nais-app-deploy.yaml,navikt,mob-gha-workflows,.github/workflows/nais-app-deploy.yaml,https://github.com/navikt/mob-gha-workflows,,3,1,main,0,False,False,navikt/sokos-oppdrag
apple/swift-nio/.github/workflows/release_builds.yml,apple,swift-nio,.github/workflows/release_builds.yml,https://github.com/apple/swift-nio,,1,1,main,0,False,False,apple/swift-service-context
mongodb-labs/drivers-github-tools/secure-checkout,mongodb-labs,drivers-github-tools,secure-checkout,https://github.com/mongodb-labs/drivers-github-tools,,1,1,v2,0,False,False,mongodb/mongo-java-driver
carbon-design-system/.github/.github/workflows/move-issue-to-project-and-set-fields.yml,carbon-design-system,.github,.github/workflows/move-issue-to-project-and-set-fields.yml,https://github.com/carbon-design-system/.github,,3,1,main,0,False,False,carbon-design-system/ibm-products
tibdex/github-app-token,tibdex,github-app-token,,https://github.com/tibdex/github-app-token,https://github.com/marketplace/actions/github-app-token,1,1,,1,True,False,carbon-design-system/ibm-products
