workflow_blob_url,line_number,weakness_type,evidence,explanation
https://github.com/microsoft/ignite25-LAB506-migrate-and-modernize-windows-and-sql-server-workloads-to-azure/blob/2361f423782e246f1dcde439cfcf13ec3acc3cb8/.github/workflows/add-to-project.yml,14,Unpinned Dependency Weakness (UDW),uses: actions/add-to-project@v1.0.2,"Action referenced by mutable version tag v1.0.2 instead of a pinned commit SHA, exposing the workflow to tag substitution attacks."
https://github.com/cloudposse-terraform-components/aws-dms-iam/blob/b4c7a43513587461e92bbf7321ca8d0a7c61abe6/.github/workflows/automerge.yml,10,Excessive Permission Weakness (EPW),permissions: pull-requests: write / id-token: write / contents: write,"Three write scopes granted at workflow level; broader than needed for an auto-merge operation. A compromised step could abuse these permissions to push code, modify PRs, or mint OIDC tokens."
https://github.com/cloudposse-terraform-components/aws-dms-iam/blob/b4c7a43513587461e92bbf7321ca8d0a7c61abe6/.github/workflows/automerge.yml,17,Unpinned Dependency Weakness (UDW),uses: cloudposse-terraform-components/.github/.github/workflows/shared-auto-merge.yml@main,External reusable workflow referenced by the floating @main branch instead of a pinned commit SHA.
https://github.com/cloudposse-terraform-components/aws-dms-iam/blob/b4c7a43513587461e92bbf7321ca8d0a7c61abe6/.github/workflows/automerge.yml,20,Secrets Exposure Weakness (SEW),secrets: inherit,"secrets: inherit forwards all repository secrets to the external reusable workflow, exposing every secret to downstream code."
https://github.com/run-llama/liteparse/blob/a65b006bed198379712b52c10320f86287f35afd/.github/workflows/ocr_servers.yml,1,Excessive Permission Weakness (EPW),(no permissions block),No permissions: block declared; default GITHUB_TOKEN is over-privileged. Restrict to least privilege (e.g. contents: read).
https://github.com/run-llama/liteparse/blob/a65b006bed198379712b52c10320f86287f35afd/.github/workflows/ocr_servers.yml,13,Unpinned Dependency Weakness (UDW),uses: actions/checkout@v4,Action referenced by mutable tag v4 instead of a pinned commit SHA.
https://github.com/run-llama/liteparse/blob/a65b006bed198379712b52c10320f86287f35afd/.github/workflows/ocr_servers.yml,18,Unpinned Dependency Weakness (UDW),uses: astral-sh/setup-uv@v6,Third-party action referenced by mutable tag v6 instead of a pinned commit SHA.
https://github.com/run-llama/liteparse/blob/a65b006bed198379712b52c10320f86287f35afd/.github/workflows/ocr_servers.yml,33,Unpinned Dependency Weakness (UDW),uses: actions/checkout@v4,Action referenced by mutable tag v4 instead of a pinned commit SHA (second job).
https://github.com/run-llama/liteparse/blob/a65b006bed198379712b52c10320f86287f35afd/.github/workflows/ocr_servers.yml,38,Unpinned Dependency Weakness (UDW),uses: astral-sh/setup-uv@v6,Third-party action referenced by mutable tag v6 instead of a pinned commit SHA (second job).
https://github.com/run-llama/liteparse/blob/a65b006bed198379712b52c10320f86287f35afd/.github/workflows/ocr_servers.yml,1,Hardening Gap Weakness (HGW),name: Validate OCR Servers (no security scanning step),"CI test pipeline runs pytest with no integrated security scanning (SAST, dependency audit, or secret scanning) step."
https://github.com/fortinet-fortisoar/connector-netscaler-adc/blob/c28fecce3f770ad2d95d55c7184378e5c3f1ffa0/.github/workflows/pytest_checks.yml,1,Excessive Permission Weakness (EPW),(no permissions block),No permissions: block declared; default GITHUB_TOKEN is over-privileged. Restrict to least privilege.
https://github.com/fortinet-fortisoar/connector-netscaler-adc/blob/c28fecce3f770ad2d95d55c7184378e5c3f1ffa0/.github/workflows/pytest_checks.yml,13,Unpinned Dependency Weakness (UDW),uses: actions/checkout@v2,Action referenced by mutable tag v2 instead of a pinned commit SHA.
https://github.com/fortinet-fortisoar/connector-netscaler-adc/blob/c28fecce3f770ad2d95d55c7184378e5c3f1ffa0/.github/workflows/pytest_checks.yml,13,GitHub Runner Compatibility Weakness (GRCW),uses: actions/checkout@v2,"actions/checkout@v2 uses the deprecated Node.js 12 runtime, incompatible with current GitHub-hosted runners."
https://github.com/fortinet-fortisoar/connector-netscaler-adc/blob/c28fecce3f770ad2d95d55c7184378e5c3f1ffa0/.github/workflows/pytest_checks.yml,16,Unpinned Dependency Weakness (UDW),uses: actions/setup-python@v2,Action referenced by mutable tag v2 instead of a pinned commit SHA.
https://github.com/fortinet-fortisoar/connector-netscaler-adc/blob/c28fecce3f770ad2d95d55c7184378e5c3f1ffa0/.github/workflows/pytest_checks.yml,16,GitHub Runner Compatibility Weakness (GRCW),uses: actions/setup-python@v2,"actions/setup-python@v2 uses the deprecated Node.js 12 runtime, incompatible with current GitHub-hosted runners."
https://github.com/fortinet-fortisoar/connector-netscaler-adc/blob/c28fecce3f770ad2d95d55c7184378e5c3f1ffa0/.github/workflows/pytest_checks.yml,1,Hardening Gap Weakness (HGW),name: Pytest Checks (no security scanning step),"CI pipeline runs checkout/setup/pytest with no integrated security scanning (SAST, dependency audit, or secret scanning) step."
https://github.com/fabric8io/kubernetes-client/blob/2cf3c3d5eb0c231ef9aa00fc20fed26eeb7f8cc9/.github/workflows/build.yml,57,Unpinned Dependency Weakness (UDW),uses: actions/checkout@v4,Action referenced by mutable tag v4 instead of a pinned commit SHA.
https://github.com/fabric8io/kubernetes-client/blob/2cf3c3d5eb0c231ef9aa00fc20fed26eeb7f8cc9/.github/workflows/build.yml,62,Unpinned Dependency Weakness (UDW),uses: actions/setup-java@v4,Action referenced by mutable tag v4 instead of a pinned commit SHA.
https://github.com/fabric8io/kubernetes-client/blob/2cf3c3d5eb0c231ef9aa00fc20fed26eeb7f8cc9/.github/workflows/build.yml,1,Hardening Gap Weakness (HGW),name: Build (no security scanning step),"CI build pipeline runs Maven install with no integrated security scanning (SAST, dependency audit, or secret scanning) step."
https://github.com/es-shims/all/blob/84ccfd69b5ab9df4f0dfa3c1da04f63c5b7d4f17/.github/workflows/node-tens.yml,1,Excessive Permission Weakness (EPW),(no permissions block),No permissions: block declared; default GITHUB_TOKEN is over-privileged. Restrict to least privilege.
https://github.com/es-shims/all/blob/84ccfd69b5ab9df4f0dfa3c1da04f63c5b7d4f17/.github/workflows/node-tens.yml,7,Unpinned Dependency Weakness (UDW),uses: ljharb/actions/.github/workflows/node.yml@main,External reusable workflow referenced by the floating @main branch instead of a pinned commit SHA.
https://github.com/aziontech/lib/blob/46d9732d8686dc77bb2163fd8c0bca360f12026c/.github/workflows/code-review.yml,19,Unpinned Dependency Weakness (UDW),uses: actions/checkout@v5,Action referenced by mutable tag v5 instead of a pinned commit SHA.
https://github.com/aziontech/lib/blob/46d9732d8686dc77bb2163fd8c0bca360f12026c/.github/workflows/code-review.yml,25,Unpinned Dependency Weakness (UDW),uses: actions/setup-node@v5,Action referenced by mutable tag v5 instead of a pinned commit SHA.
https://github.com/aziontech/lib/blob/46d9732d8686dc77bb2163fd8c0bca360f12026c/.github/workflows/code-review.yml,56,Unpinned Dependency Weakness (UDW),uses: actions/github-script@v8,Action referenced by mutable tag v8 instead of a pinned commit SHA.
https://github.com/adafruit/Adafruit_CircuitPython_SCD30/blob/4f248d65784ee333a6797b92b62b86800f92c6e0/.github/workflows/failure-help-text.yml,1,Excessive Permission Weakness (EPW),(no permissions block),No permissions: block declared; workflow_run trigger gives the default over-privileged GITHUB_TOKEN. Restrict to least privilege.
https://github.com/adafruit/Adafruit_CircuitPython_SCD30/blob/4f248d65784ee333a6797b92b62b86800f92c6e0/.github/workflows/failure-help-text.yml,19,Unpinned Dependency Weakness (UDW),uses: adafruit/circuitpython-action-library-ci-failed@v1,Third-party action referenced by mutable tag v1 instead of a pinned commit SHA.
https://github.com/Tencent/TencentKona-21/blob/2ea772e625566036ae465a1cff18679c530b723f/.github/workflows/build-cross-compile.yml,93,Unpinned Dependency Weakness (UDW),uses: actions/checkout@v4,Action referenced by mutable tag v4 instead of a pinned commit SHA.
https://github.com/Tencent/TencentKona-21/blob/2ea772e625566036ae465a1cff18679c530b723f/.github/workflows/build-cross-compile.yml,121,Unpinned Dependency Weakness (UDW),uses: actions/cache@v4,Action referenced by mutable tag v4 instead of a pinned commit SHA.
https://github.com/Tencent/TencentKona-21/blob/2ea772e625566036ae465a1cff18679c530b723f/.github/workflows/build-cross-compile.yml,112,Injection Weakness (IW),run: sudo apt-get install gcc-${{ inputs.gcc-major-version }}...,"workflow_call string input (gcc-major-version) directly interpolated in shell run command via ${{ }}; if the calling workflow is compromised, arbitrary commands could be injected."
https://github.com/Tencent/TencentKona-21/blob/2ea772e625566036ae465a1cff18679c530b723f/.github/workflows/build-cross-compile.yml,180,Injection Weakness (IW),${{ inputs.extra-conf-options }} ${{ inputs.configure-arguments }},Arbitrary string inputs interpolated unquoted into a shell run: block; a compromised caller could inject shell metacharacters to execute arbitrary commands.
https://github.com/cloudposse-terraform-components/aws-dns-primary/blob/2fc1f4552c198dfa7e0a40cd9f6e0606f368fced/.github/workflows/release.yml,8,Excessive Permission Weakness (EPW),permissions: id-token: write / contents: write / pull-requests: write,Three write scopes granted at workflow level; broader than strictly needed for a release workflow and enables escalation if a step is compromised.
https://github.com/cloudposse-terraform-components/aws-dns-primary/blob/2fc1f4552c198dfa7e0a40cd9f6e0606f368fced/.github/workflows/release.yml,15,Unpinned Dependency Weakness (UDW),uses: cloudposse-terraform-components/.github/.github/workflows/shared-release-branches.yml@main,External reusable workflow referenced by the floating @main branch instead of a pinned commit SHA.
https://github.com/cloudposse-terraform-components/aws-dns-primary/blob/2fc1f4552c198dfa7e0a40cd9f6e0606f368fced/.github/workflows/release.yml,16,Secrets Exposure Weakness (SEW),secrets: inherit,"secrets: inherit forwards all repository secrets to the external reusable workflow, exposing every secret."
https://github.com/turbot/steampipe-plugin-crtsh/blob/63c04d6195952c0d1f18b5d3630fbe4619f78c55/.github/workflows/golangci-lint.yml,15,Unpinned Dependency Weakness (UDW),uses: turbot/steampipe-workflows/.github/workflows/golangci-lint.yml@main,External reusable workflow referenced by the floating @main branch instead of a pinned commit SHA.
https://github.com/salesforcecli/plugin-template-sf/blob/6a5771af38e01bddb2ad1b89ca8e886d7cf17564/.github/workflows/test.yml,1,Excessive Permission Weakness (EPW),(no permissions block),No permissions: block declared; default GITHUB_TOKEN is over-privileged. Restrict to least privilege.
https://github.com/salesforcecli/plugin-template-sf/blob/6a5771af38e01bddb2ad1b89ca8e886d7cf17564/.github/workflows/test.yml,9,Unpinned Dependency Weakness (UDW),uses: salesforcecli/github-workflows/.github/workflows/lockFileCheck.yml@main,External reusable workflow referenced by the floating @main branch instead of a pinned commit SHA.
https://github.com/salesforcecli/plugin-template-sf/blob/6a5771af38e01bddb2ad1b89ca8e886d7cf17564/.github/workflows/test.yml,13,Unpinned Dependency Weakness (UDW),uses: salesforcecli/github-workflows/.github/workflows/unitTestsLinux.yml@main,External reusable workflow referenced by the floating @main branch instead of a pinned commit SHA.
https://github.com/salesforcecli/plugin-template-sf/blob/6a5771af38e01bddb2ad1b89ca8e886d7cf17564/.github/workflows/test.yml,16,Unpinned Dependency Weakness (UDW),uses: salesforcecli/github-workflows/.github/workflows/unitTestsWindows.yml@main,External reusable workflow referenced by the floating @main branch instead of a pinned commit SHA.
https://github.com/salesforcecli/plugin-template-sf/blob/6a5771af38e01bddb2ad1b89ca8e886d7cf17564/.github/workflows/test.yml,19,Unpinned Dependency Weakness (UDW),uses: salesforcecli/github-workflows/.github/workflows/nut.yml@main,External reusable workflow referenced by the floating @main branch instead of a pinned commit SHA.
https://github.com/salesforcecli/plugin-template-sf/blob/6a5771af38e01bddb2ad1b89ca8e886d7cf17564/.github/workflows/test.yml,20,Secrets Exposure Weakness (SEW),secrets: inherit,"secrets: inherit forwards all repository secrets to the external reusable nut.yml workflow, exposing every secret."
https://github.com/canonical/kepler-rocks/blob/bca886ea281e89de4281a1f8740097e1aaa0423e/.github/workflows/pull_request.yaml,1,Excessive Permission Weakness (EPW),(no permissions block),No permissions: block declared; default GITHUB_TOKEN is over-privileged. Restrict to least privilege.
https://github.com/canonical/kepler-rocks/blob/bca886ea281e89de4281a1f8740097e1aaa0423e/.github/workflows/pull_request.yaml,11,Unpinned Dependency Weakness (UDW),uses: canonical/k8s-workflows/.github/workflows/build_rocks.yaml@main,External reusable workflow referenced by the floating @main branch instead of a pinned commit SHA.
https://github.com/canonical/kepler-rocks/blob/bca886ea281e89de4281a1f8740097e1aaa0423e/.github/workflows/pull_request.yaml,22,Unpinned Dependency Weakness (UDW),uses: canonical/k8s-workflows/.github/workflows/run_tests.yaml@main,External reusable workflow referenced by the floating @main branch instead of a pinned commit SHA.
https://github.com/canonical/kepler-rocks/blob/bca886ea281e89de4281a1f8740097e1aaa0423e/.github/workflows/pull_request.yaml,24,Secrets Exposure Weakness (SEW),secrets: inherit,"secrets: inherit forwards all repository secrets to the external reusable run_tests workflow, exposing every secret."
https://github.com/canonical/kepler-rocks/blob/bca886ea281e89de4281a1f8740097e1aaa0423e/.github/workflows/pull_request.yaml,28,Unpinned Dependency Weakness (UDW),uses: canonical/k8s-workflows/.github/workflows/scan_images.yaml@main,External reusable workflow referenced by the floating @main branch instead of a pinned commit SHA.
https://github.com/canonical/kepler-rocks/blob/bca886ea281e89de4281a1f8740097e1aaa0423e/.github/workflows/pull_request.yaml,30,Secrets Exposure Weakness (SEW),secrets: inherit,"secrets: inherit forwards all repository secrets to the external reusable scan_images workflow, exposing every secret."
https://github.com/canonical/kepler-rocks/blob/bca886ea281e89de4281a1f8740097e1aaa0423e/.github/workflows/pull_request.yaml,37,Unpinned Dependency Weakness (UDW),uses: canonical/k8s-workflows/.github/workflows/assemble_multiarch_image.yaml@main,External reusable workflow referenced by the floating @main branch instead of a pinned commit SHA.
https://github.com/AdobeDocs/audience-manager.ja-JP/blob/7716288cec4103a9bb6f47bcb9a114e502a5d3e8/.github/workflows/assign-issue.yml,1,Excessive Permission Weakness (EPW),(no permissions block),No permissions: block declared; default GITHUB_TOKEN is over-privileged for an auto-assign job. Restrict to least privilege.
https://github.com/AdobeDocs/audience-manager.ja-JP/blob/7716288cec4103a9bb6f47bcb9a114e502a5d3e8/.github/workflows/assign-issue.yml,12,Unpinned Dependency Weakness (UDW),uses: pozil/auto-assign-issue@v1.3.0,Third-party action referenced by mutable version tag v1.3.0 instead of a pinned commit SHA.
https://github.com/Hapag-Lloyd/.github/blob/6bd816584eb1f5543ea56aab1634ecdce54b2284/.github/workflows/stale.yml,1,Excessive Permission Weakness (EPW),(no permissions block),No permissions: block declared; default GITHUB_TOKEN is over-privileged. Restrict to least privilege.
https://github.com/Hapag-Lloyd/.github/blob/6bd816584eb1f5543ea56aab1634ecdce54b2284/.github/workflows/stale.yml,13,Secrets Exposure Weakness (SEW),secrets: inherit,"secrets: inherit forwards all repository secrets to the reusable workflow, exposing every secret even though the stale-issue job likely does not need them all."
https://github.com/nextcloud/event_update_notification/blob/dbbcdeaefdb567c63514c2d9d109b194d9555370/.github/workflows/appstore-build-publish.yml,1,Excessive Permission Weakness (EPW),(no permissions block),No permissions: block declared; a release/deploy pipeline handling secrets and publishing should scope its GITHUB_TOKEN to least privilege.
https://github.com/nextcloud/event_update_notification/blob/dbbcdeaefdb567c63514c2d9d109b194d9555370/.github/workflows/appstore-build-publish.yml,113,Artifact Integrity Weakness (AIW),wget https://github.com/ChristophWurst/krankerl/releases/download/v0.14.0/krankerl_0.14.0_amd64.deb,Binary .deb package downloaded from GitHub and installed via dpkg with no checksum or signature verification; a tampered binary could compromise the runner.
https://github.com/nextcloud/event_update_notification/blob/dbbcdeaefdb567c63514c2d9d109b194d9555370/.github/workflows/appstore-build-publish.yml,133,Artifact Integrity Weakness (AIW),wget --quiet https://download.nextcloud.com/server/releases/latest-$NCVERSION.zip,Nextcloud server archive downloaded over the network without checksum or signature verification; a tampered archive could compromise signing and deployment.
https://github.com/nextcloud/event_update_notification/blob/dbbcdeaefdb567c63514c2d9d109b194d9555370/.github/workflows/appstore-build-publish.yml,152,Artifact Integrity Weakness (AIW),wget --quiet https://github.com/nextcloud/app-certificate-requests/raw/master/.../$APP_NAME.crt,App certificate fetched from a floating master branch with no integrity verification; a tampered certificate could undermine the signing process.
https://github.com/nextcloud/event_update_notification/blob/dbbcdeaefdb567c63514c2d9d109b194d9555370/.github/workflows/appstore-build-publish.yml,151,Secrets Exposure Weakness (SEW),echo '${{ secrets.APP_PRIVATE_KEY }}' > ${{ env.APP_NAME }}.key,"App private signing key is written to a file on disk in the runner filesystem; while necessary for signing, it is exposed and could be exfiltrated by a compromised subsequent step."
https://github.com/nextcloud/event_update_notification/blob/dbbcdeaefdb567c63514c2d9d109b194d9555370/.github/workflows/appstore-build-publish.yml,1,Hardening Gap Weakness (HGW),name: Build and publish app release (no security scanning step),"Build-sign-and-publish pipeline with no integrated security scanning (SAST, dependency audit, or secret scanning) step."
https://github.com/simp/pupmod-simp-sudo/blob/9c5d088ccfacaf0bc165e1711c2cea39a6f1a0b9/.github/workflows/pr_tests.yml,1,Excessive Permission Weakness (EPW),(no permissions block),No permissions: block declared; default GITHUB_TOKEN is over-privileged for a test pipeline. Restrict to least privilege.
https://github.com/simp/pupmod-simp-sudo/blob/9c5d088ccfacaf0bc165e1711c2cea39a6f1a0b9/.github/workflows/pr_tests.yml,37,Unpinned Dependency Weakness (UDW),uses: actions/checkout@v3,Action referenced by mutable tag v3 instead of a pinned commit SHA.
https://github.com/simp/pupmod-simp-sudo/blob/9c5d088ccfacaf0bc165e1711c2cea39a6f1a0b9/.github/workflows/pr_tests.yml,37,GitHub Runner Compatibility Weakness (GRCW),uses: actions/checkout@v3,"actions/checkout@v3 uses the deprecated Node.js 16 runtime (EOL September 2023), incompatible with current GitHub-hosted runners."
https://github.com/simp/pupmod-simp-sudo/blob/9c5d088ccfacaf0bc165e1711c2cea39a6f1a0b9/.github/workflows/pr_tests.yml,39,Unpinned Dependency Weakness (UDW),uses: ruby/setup-ruby@v1,Third-party action referenced by mutable tag v1 instead of a pinned commit SHA.
https://github.com/simp/pupmod-simp-sudo/blob/9c5d088ccfacaf0bc165e1711c2cea39a6f1a0b9/.github/workflows/pr_tests.yml,49,Unpinned Dependency Weakness (UDW),uses: actions/checkout@v3,Action referenced by mutable tag v3 instead of a pinned commit SHA.
https://github.com/simp/pupmod-simp-sudo/blob/9c5d088ccfacaf0bc165e1711c2cea39a6f1a0b9/.github/workflows/pr_tests.yml,49,GitHub Runner Compatibility Weakness (GRCW),uses: actions/checkout@v3,actions/checkout@v3 uses the deprecated Node.js 16 runtime (EOL September 2023).
https://github.com/simp/pupmod-simp-sudo/blob/9c5d088ccfacaf0bc165e1711c2cea39a6f1a0b9/.github/workflows/pr_tests.yml,51,Unpinned Dependency Weakness (UDW),uses: ruby/setup-ruby@v1,Third-party action referenced by mutable tag v1 instead of a pinned commit SHA.
https://github.com/simp/pupmod-simp-sudo/blob/9c5d088ccfacaf0bc165e1711c2cea39a6f1a0b9/.github/workflows/pr_tests.yml,63,Unpinned Dependency Weakness (UDW),uses: actions/checkout@v3,Action referenced by mutable tag v3 instead of a pinned commit SHA.
https://github.com/simp/pupmod-simp-sudo/blob/9c5d088ccfacaf0bc165e1711c2cea39a6f1a0b9/.github/workflows/pr_tests.yml,63,GitHub Runner Compatibility Weakness (GRCW),uses: actions/checkout@v3,actions/checkout@v3 uses the deprecated Node.js 16 runtime (EOL September 2023).
https://github.com/simp/pupmod-simp-sudo/blob/9c5d088ccfacaf0bc165e1711c2cea39a6f1a0b9/.github/workflows/pr_tests.yml,65,Unpinned Dependency Weakness (UDW),uses: ruby/setup-ruby@v1,Third-party action referenced by mutable tag v1 instead of a pinned commit SHA.
https://github.com/simp/pupmod-simp-sudo/blob/9c5d088ccfacaf0bc165e1711c2cea39a6f1a0b9/.github/workflows/pr_tests.yml,77,Unpinned Dependency Weakness (UDW),uses: actions/checkout@v3,Action referenced by mutable tag v3 instead of a pinned commit SHA.
https://github.com/simp/pupmod-simp-sudo/blob/9c5d088ccfacaf0bc165e1711c2cea39a6f1a0b9/.github/workflows/pr_tests.yml,77,GitHub Runner Compatibility Weakness (GRCW),uses: actions/checkout@v3,actions/checkout@v3 uses the deprecated Node.js 16 runtime (EOL September 2023).
https://github.com/simp/pupmod-simp-sudo/blob/9c5d088ccfacaf0bc165e1711c2cea39a6f1a0b9/.github/workflows/pr_tests.yml,79,Unpinned Dependency Weakness (UDW),uses: ruby/setup-ruby@v1,Third-party action referenced by mutable tag v1 instead of a pinned commit SHA.
https://github.com/simp/pupmod-simp-sudo/blob/9c5d088ccfacaf0bc165e1711c2cea39a6f1a0b9/.github/workflows/pr_tests.yml,90,Unpinned Dependency Weakness (UDW),uses: actions/checkout@v3,Action referenced by mutable tag v3 instead of a pinned commit SHA.
https://github.com/simp/pupmod-simp-sudo/blob/9c5d088ccfacaf0bc165e1711c2cea39a6f1a0b9/.github/workflows/pr_tests.yml,90,GitHub Runner Compatibility Weakness (GRCW),uses: actions/checkout@v3,actions/checkout@v3 uses the deprecated Node.js 16 runtime (EOL September 2023).
https://github.com/simp/pupmod-simp-sudo/blob/9c5d088ccfacaf0bc165e1711c2cea39a6f1a0b9/.github/workflows/pr_tests.yml,92,Unpinned Dependency Weakness (UDW),uses: ruby/setup-ruby@v1,Third-party action referenced by mutable tag v1 instead of a pinned commit SHA.
https://github.com/simp/pupmod-simp-sudo/blob/9c5d088ccfacaf0bc165e1711c2cea39a6f1a0b9/.github/workflows/pr_tests.yml,123,Unpinned Dependency Weakness (UDW),uses: actions/checkout@v3,Action referenced by mutable tag v3 instead of a pinned commit SHA.
https://github.com/simp/pupmod-simp-sudo/blob/9c5d088ccfacaf0bc165e1711c2cea39a6f1a0b9/.github/workflows/pr_tests.yml,123,GitHub Runner Compatibility Weakness (GRCW),uses: actions/checkout@v3,actions/checkout@v3 uses the deprecated Node.js 16 runtime (EOL September 2023).
https://github.com/simp/pupmod-simp-sudo/blob/9c5d088ccfacaf0bc165e1711c2cea39a6f1a0b9/.github/workflows/pr_tests.yml,125,Unpinned Dependency Weakness (UDW),uses: ruby/setup-ruby@v1,Third-party action referenced by mutable tag v1 instead of a pinned commit SHA.
https://github.com/simp/pupmod-simp-sudo/blob/9c5d088ccfacaf0bc165e1711c2cea39a6f1a0b9/.github/workflows/pr_tests.yml,1,Hardening Gap Weakness (HGW),name: PR Tests (no security scanning step),"Puppet test pipeline runs syntax, style, and spec checks with no integrated security scanning (SAST, dependency audit, or secret scanning) step."
https://github.com/AdobeDocs/analytics.es-ES/blob/bbea3fecbed43fcc4f76c240e8063834f22fec7f/.github/workflows/assign-issue.yml,1,Excessive Permission Weakness (EPW),(no permissions block),No permissions: block declared; default GITHUB_TOKEN is over-privileged for an auto-assign job. Restrict to least privilege.
https://github.com/AdobeDocs/analytics.es-ES/blob/bbea3fecbed43fcc4f76c240e8063834f22fec7f/.github/workflows/assign-issue.yml,12,Unpinned Dependency Weakness (UDW),uses: pozil/auto-assign-issue@v1.3.0,Third-party action referenced by mutable version tag v1.3.0 instead of a pinned commit SHA.
https://github.com/rapidsai/cuml/blob/f00d38df8951204dc6929eef810742927ee027b8/.github/workflows/test.yaml,1,Excessive Permission Weakness (EPW),(no permissions block),No permissions: block declared; default GITHUB_TOKEN is over-privileged. Restrict to least privilege.
https://github.com/rapidsai/cuml/blob/f00d38df8951204dc6929eef810742927ee027b8/.github/workflows/test.yaml,21,Secrets Exposure Weakness (SEW),secrets: inherit,secrets: inherit forwards all repository secrets to the external reusable conda-cpp-post-build-checks workflow at @branch-25.08.
https://github.com/rapidsai/cuml/blob/f00d38df8951204dc6929eef810742927ee027b8/.github/workflows/test.yaml,22,Unpinned Dependency Weakness (UDW),uses: rapidsai/shared-workflows/.github/workflows/conda-cpp-post-build-checks.yaml@branch-25.08,External reusable workflow referenced by mutable branch name instead of a pinned commit SHA.
https://github.com/rapidsai/cuml/blob/f00d38df8951204dc6929eef810742927ee027b8/.github/workflows/test.yaml,31,Secrets Exposure Weakness (SEW),secrets: inherit,secrets: inherit forwards all repository secrets to the external reusable conda-cpp-tests workflow at @branch-25.08.
https://github.com/rapidsai/cuml/blob/f00d38df8951204dc6929eef810742927ee027b8/.github/workflows/test.yaml,32,Unpinned Dependency Weakness (UDW),uses: rapidsai/shared-workflows/.github/workflows/conda-cpp-tests.yaml@branch-25.08,External reusable workflow referenced by mutable branch name instead of a pinned commit SHA.
https://github.com/rapidsai/cuml/blob/f00d38df8951204dc6929eef810742927ee027b8/.github/workflows/test.yaml,40,Secrets Exposure Weakness (SEW),secrets: inherit,secrets: inherit forwards all repository secrets to the external reusable conda-python-tests workflow at @branch-25.08.
https://github.com/rapidsai/cuml/blob/f00d38df8951204dc6929eef810742927ee027b8/.github/workflows/test.yaml,41,Unpinned Dependency Weakness (UDW),uses: rapidsai/shared-workflows/.github/workflows/conda-python-tests.yaml@branch-25.08,External reusable workflow referenced by mutable branch name instead of a pinned commit SHA.
https://github.com/rapidsai/cuml/blob/f00d38df8951204dc6929eef810742927ee027b8/.github/workflows/test.yaml,49,Secrets Exposure Weakness (SEW),secrets: inherit,secrets: inherit forwards all repository secrets to the external reusable conda-python-tests workflow at @branch-25.08.
https://github.com/rapidsai/cuml/blob/f00d38df8951204dc6929eef810742927ee027b8/.github/workflows/test.yaml,50,Unpinned Dependency Weakness (UDW),uses: rapidsai/shared-workflows/.github/workflows/conda-python-tests.yaml@branch-25.08,External reusable workflow referenced by mutable branch name instead of a pinned commit SHA.
https://github.com/rapidsai/cuml/blob/f00d38df8951204dc6929eef810742927ee027b8/.github/workflows/test.yaml,58,Secrets Exposure Weakness (SEW),secrets: inherit,secrets: inherit forwards all repository secrets to the external reusable conda-python-tests workflow at @branch-25.08.
https://github.com/rapidsai/cuml/blob/f00d38df8951204dc6929eef810742927ee027b8/.github/workflows/test.yaml,59,Unpinned Dependency Weakness (UDW),uses: rapidsai/shared-workflows/.github/workflows/conda-python-tests.yaml@branch-25.08,External reusable workflow referenced by mutable branch name instead of a pinned commit SHA.
https://github.com/rapidsai/cuml/blob/f00d38df8951204dc6929eef810742927ee027b8/.github/workflows/test.yaml,69,Secrets Exposure Weakness (SEW),secrets: inherit,secrets: inherit forwards all repository secrets to the external reusable wheels-test workflow at @branch-25.08.
https://github.com/rapidsai/cuml/blob/f00d38df8951204dc6929eef810742927ee027b8/.github/workflows/test.yaml,70,Unpinned Dependency Weakness (UDW),uses: rapidsai/shared-workflows/.github/workflows/wheels-test.yaml@branch-25.08,External reusable workflow referenced by mutable branch name instead of a pinned commit SHA.
https://github.com/rapidsai/cuml/blob/f00d38df8951204dc6929eef810742927ee027b8/.github/workflows/test.yaml,78,Secrets Exposure Weakness (SEW),secrets: inherit,secrets: inherit forwards all repository secrets to the external reusable wheels-test workflow at @branch-25.08.
https://github.com/rapidsai/cuml/blob/f00d38df8951204dc6929eef810742927ee027b8/.github/workflows/test.yaml,79,Unpinned Dependency Weakness (UDW),uses: rapidsai/shared-workflows/.github/workflows/wheels-test.yaml@branch-25.08,External reusable workflow referenced by mutable branch name instead of a pinned commit SHA.
https://github.com/cloudposse-terraform-components/aws-ec2-client-vpn/blob/a79a5b5bc650b7c59d783f8731f79f0826b3c977/.github/workflows/chatops.yml,4,Privileged Trigger Weakness (PTW),on: issue_comment: types: [created],"issue_comment trigger runs in the trusted base-repo context with a write token; the job is gated only on the attacker-controllable comment body containing '/terratest', so any commenter can trigger privileged terraform execution."
https://github.com/cloudposse-terraform-components/aws-ec2-client-vpn/blob/a79a5b5bc650b7c59d783f8731f79f0826b3c977/.github/workflows/chatops.yml,7,Excessive Permission Weakness (EPW),permissions: pull-requests: write / id-token: write / contents: write / statuses: write,Four write scopes granted at workflow level on a chatops trigger invocable by any commenter; far broader than needed and enables escalation if abused.
https://github.com/cloudposse-terraform-components/aws-ec2-client-vpn/blob/a79a5b5bc650b7c59d783f8731f79f0826b3c977/.github/workflows/chatops.yml,15,Unpinned Dependency Weakness (UDW),uses: cloudposse-terraform-components/.github/.github/workflows/shared-terraform-chatops.yml@main,External reusable workflow referenced by the floating @main branch instead of a pinned commit SHA.
https://github.com/cloudposse-terraform-components/aws-ec2-client-vpn/blob/a79a5b5bc650b7c59d783f8731f79f0826b3c977/.github/workflows/chatops.yml,17,Secrets Exposure Weakness (SEW),secrets: inherit,"secrets: inherit forwards all repository secrets to the reusable workflow, exposing every secret to downstream code triggered by any commenter."
https://github.com/cloudposse/test-helpers/blob/b1569fb1b07372675dba86eb360d3c6d21317d67/.github/workflows/validate-codeowners.yml,1,Excessive Permission Weakness (EPW),name: Validate Codeowners (no top-level permissions: block),"No permissions: declared, so all jobs inherit the default over-privileged GITHUB_TOKEN. Set least-privilege permissions (e.g. contents: read)."
https://github.com/cloudposse/test-helpers/blob/b1569fb1b07372675dba86eb360d3c6d21317d67/.github/workflows/validate-codeowners.yml,12,Unpinned Dependency Weakness (UDW),uses: actions/checkout@v4,"Action referenced by mutable tag v4 instead of a full commit SHA, exposing the workflow to tag substitution attacks."
https://github.com/cloudposse/test-helpers/blob/b1569fb1b07372675dba86eb360d3c6d21317d67/.github/workflows/validate-codeowners.yml,14,Unpinned Dependency Weakness (UDW),uses: mszostok/codeowners-validator@v0.7.4,Third-party action referenced by a mutable version tag rather than a pinned commit SHA.
https://github.com/cloudposse/test-helpers/blob/b1569fb1b07372675dba86eb360d3c6d21317d67/.github/workflows/validate-codeowners.yml,25,Unpinned Dependency Weakness (UDW),uses: mszostok/codeowners-validator@v0.7.4,Third-party action referenced by a mutable version tag rather than a pinned commit SHA.
https://github.com/AdobeDocs/marketo-developer.de-DE/blob/bf104843e4d81c75f80e5f1f504bad0def780ca0/.github/workflows/assign-pr.yml,1,Excessive Permission Weakness (EPW),name: PR assignment (no top-level permissions: block),No permissions: declared; the default GITHUB_TOKEN is over-privileged for an auto-assign job. Restrict to least privilege.
https://github.com/AdobeDocs/marketo-developer.de-DE/blob/bf104843e4d81c75f80e5f1f504bad0def780ca0/.github/workflows/assign-pr.yml,12,Unpinned Dependency Weakness (UDW),uses: pozil/auto-assign-issue@v1.3.0,"Third-party action pinned to a mutable tag, not a commit SHA."
https://github.com/ocicl/invistra/blob/f0aff9f6af8768c7e7d3c93928195e6d14617e25/.github/workflows/main.yml,10,Excessive Permission Weakness (EPW),permissions: issues: write / packages: write / contents: write,"Job is granted three write scopes; contents: write allows arbitrary repo modification, so a compromised step/action could push code or escalate privileges. Grant only the minimum needed."
https://github.com/ocicl/invistra/blob/f0aff9f6af8768c7e7d3c93928195e6d14617e25/.github/workflows/main.yml,19,Unpinned Dependency Weakness (UDW),uses: actions/checkout@v4,"Action referenced by mutable tag v4, not a pinned commit SHA."
https://github.com/ocicl/invistra/blob/f0aff9f6af8768c7e7d3c93928195e6d14617e25/.github/workflows/main.yml,23,Unpinned Dependency Weakness (UDW),uses: ocicl/ocicl-action/update-check@main,Third-party action referenced by the floating @main branch; the executed code can change at any time.
https://github.com/ocicl/invistra/blob/f0aff9f6af8768c7e7d3c93928195e6d14617e25/.github/workflows/main.yml,29,Unpinned Dependency Weakness (UDW),uses: ocicl/ocicl-action@main,"Third-party action referenced by the floating @main branch, which also receives several secrets (GPG/DockerHub/LLM keys)."
https://github.com/ocicl/invistra/blob/f0aff9f6af8768c7e7d3c93928195e6d14617e25/.github/workflows/main.yml,1,Hardening Gap Weakness (HGW),name: Test and publish package (no security scanning step),"Build/test-and-publish pipeline with no integrated security scanning (SAST, dependency audit, or secret scanning)."
https://github.com/cloudposse-terraform-components/aws-eks-storage-class/blob/31d7b55260b54e1aecb2a258b3b51a9d022d33de/.github/workflows/chatops.yml,4,Privileged Trigger Weakness (PTW),on: issue_comment: types: [created],issue_comment runs in the trusted base-repo context with a write token; any commenter can trigger privileged terraform execution via comment body containing '/terratest'.
https://github.com/cloudposse-terraform-components/aws-eks-storage-class/blob/31d7b55260b54e1aecb2a258b3b51a9d022d33de/.github/workflows/chatops.yml,7,Excessive Permission Weakness (EPW),permissions: pull-requests: write / id-token: write / contents: write / statuses: write,Multiple write scopes plus id-token: write granted at workflow level; far broader than needed for a chatops trigger and enables escalation if abused.
https://github.com/cloudposse-terraform-components/aws-eks-storage-class/blob/31d7b55260b54e1aecb2a258b3b51a9d022d33de/.github/workflows/chatops.yml,15,Unpinned Dependency Weakness (UDW),uses: cloudposse-terraform-components/.github/.github/workflows/shared-terraform-chatops.yml@main,Reusable workflow referenced by the floating @main branch instead of a pinned commit SHA.
https://github.com/cloudposse-terraform-components/aws-eks-storage-class/blob/31d7b55260b54e1aecb2a258b3b51a9d022d33de/.github/workflows/chatops.yml,17,Secrets Exposure Weakness (SEW),secrets: inherit,"secrets: inherit forwards all repository secrets to the reusable workflow, exposing every secret."
https://github.com/fortify/fortify-ssc-parser-burp/blob/b1b19bb4bf3decf1f31cf6b2d8e545a9d397f9a2/.github/workflows/update-repo-docs.yml,1,Excessive Permission Weakness (EPW),name: update-repo-docs (no top-level permissions: block),No permissions: declared; default GITHUB_TOKEN is over-privileged. Restrict to least privilege.
https://github.com/fortify/fortify-ssc-parser-burp/blob/b1b19bb4bf3decf1f31cf6b2d8e545a9d397f9a2/.github/workflows/update-repo-docs.yml,13,Unpinned Dependency Weakness (UDW),uses: fortify/shared-doc-resources/.github/workflows/update-repo-docs.yml@main,"External reusable workflow referenced by the floating @main branch, not a pinned commit SHA."
https://github.com/turbot/steampipe-mod-gcp-compliance/blob/3a0a1e974e1263efb61bf57ddc3d2e219c8fa450/.github/workflows/sync-labels.yml,1,Excessive Permission Weakness (EPW),name: Sync Labels (no top-level permissions: block),No permissions: declared; default GITHUB_TOKEN is over-privileged for a label-sync job.
https://github.com/turbot/steampipe-mod-gcp-compliance/blob/3a0a1e974e1263efb61bf57ddc3d2e219c8fa450/.github/workflows/sync-labels.yml,9,Unpinned Dependency Weakness (UDW),uses: turbot/steampipe-workflows/.github/workflows/sync-labels.yml@main,"External reusable workflow referenced by the floating @main branch, not a pinned commit SHA."
https://github.com/turbot/steampipe-plugin-ibm/blob/850e03e17b5d08197c6505e3be559cb2d15da743/.github/workflows/registry-publish.yml,14,Unpinned Dependency Weakness (UDW),uses: turbot/steampipe-workflows/.github/workflows/registry-publish-ghcr.yml@main,"External reusable workflow referenced by the floating @main branch, not a pinned commit SHA."
https://github.com/turbot/steampipe-plugin-ibm/blob/850e03e17b5d08197c6505e3be559cb2d15da743/.github/workflows/registry-publish.yml,15,Secrets Exposure Weakness (SEW),secrets: inherit,"secrets: inherit forwards all repository secrets to the external reusable publish workflow, exposing every secret."
https://github.com/simp/pupmod-simp-simp_grub/blob/f9a3948f5fe12b69c9549e11f503aed80741a963/.github/workflows/validate_tokens.yml,1,Excessive Permission Weakness (EPW),name: 'Manual: Validate API tokens' (no top-level permissions: block),No permissions: declared; default GITHUB_TOKEN is over-privileged. Restrict to least privilege (contents: read).
https://github.com/fortinet-fortisoar/connector-one-identity/blob/b9440a22203ef94de1ba6df167e89b41edb7f2e5/.github/workflows/pytest_checks.yml,1,Excessive Permission Weakness (EPW),on: pull_request (no permissions: block),No permissions: declared; default GITHUB_TOKEN is over-privileged. Restrict to least privilege.
https://github.com/fortinet-fortisoar/connector-one-identity/blob/b9440a22203ef94de1ba6df167e89b41edb7f2e5/.github/workflows/pytest_checks.yml,13,Unpinned Dependency Weakness (UDW),uses: actions/checkout@v2,"Action referenced by mutable tag v2, not a pinned commit SHA."
https://github.com/fortinet-fortisoar/connector-one-identity/blob/b9440a22203ef94de1ba6df167e89b41edb7f2e5/.github/workflows/pytest_checks.yml,13,GitHub Runner Compatibility Weakness (GRCW),uses: actions/checkout@v2,"checkout@v2 is an outdated major version relying on the deprecated Node 12 runtime, incompatible with current GitHub-hosted runners."
https://github.com/fortinet-fortisoar/connector-one-identity/blob/b9440a22203ef94de1ba6df167e89b41edb7f2e5/.github/workflows/pytest_checks.yml,16,Unpinned Dependency Weakness (UDW),uses: actions/setup-python@v2,"Action referenced by mutable tag v2, not a pinned commit SHA."
https://github.com/fortinet-fortisoar/connector-one-identity/blob/b9440a22203ef94de1ba6df167e89b41edb7f2e5/.github/workflows/pytest_checks.yml,16,GitHub Runner Compatibility Weakness (GRCW),uses: actions/setup-python@v2,setup-python@v2 is an outdated major version relying on a deprecated Node runtime.
https://github.com/fortinet-fortisoar/connector-one-identity/blob/b9440a22203ef94de1ba6df167e89b41edb7f2e5/.github/workflows/pytest_checks.yml,1,Hardening Gap Weakness (HGW),name: Pytest Checks (no security scanning step),"CI pipeline runs project code with no integrated security scanning (SAST, dependency audit, or secret scanning) step."
https://github.com/oracle-devrel/platform-migration-group/blob/5d62b71ab335946a5641ad5961766f92cdb3eb3b/.github/workflows/license_audit.yml,3,Privileged Trigger Weakness (PTW),on: pull_request_target,"pull_request_target runs in the trusted base-repo context with secrets; combined with checking out the untrusted PR head ref/repo (lines 18-19), untrusted fork content is processed with access to GHCR_PAT and GITHUB_TOKEN."
https://github.com/oracle-devrel/platform-migration-group/blob/5d62b71ab335946a5641ad5961766f92cdb3eb3b/.github/workflows/license_audit.yml,1,Excessive Permission Weakness (EPW),on: pull_request_target (no permissions: block),"No permissions: declared; on a pull_request_target trigger the default token is highly privileged, magnifying the impact of the untrusted checkout."
https://github.com/oracle-devrel/platform-migration-group/blob/5d62b71ab335946a5641ad5961766f92cdb3eb3b/.github/workflows/license_audit.yml,16,Unpinned Dependency Weakness (UDW),uses: actions/checkout@v2,"Action referenced by mutable tag v2, not a pinned commit SHA."
https://github.com/oracle-devrel/platform-migration-group/blob/5d62b71ab335946a5641ad5961766f92cdb3eb3b/.github/workflows/license_audit.yml,16,GitHub Runner Compatibility Weakness (GRCW),uses: actions/checkout@v2,checkout@v2 is an outdated major version relying on the deprecated Node 12 runtime.
https://github.com/oracle-devrel/platform-migration-group/blob/5d62b71ab335946a5641ad5961766f92cdb3eb3b/.github/workflows/license_audit.yml,26,Unpinned Dependency Weakness (UDW),uses: oracle-devrel/action-license-audit@1.0.2,"Third-party action pinned to a mutable version tag, not a commit SHA."
https://github.com/oracle-devrel/platform-migration-group/blob/5d62b71ab335946a5641ad5961766f92cdb3eb3b/.github/workflows/license_audit.yml,34,Unpinned Dependency Weakness (UDW),uses: mshick/add-pr-comment@v1,"Third-party action referenced by the floating major tag v1, not a commit SHA."
https://github.com/oracle-devrel/platform-migration-group/blob/5d62b71ab335946a5641ad5961766f92cdb3eb3b/.github/workflows/license_audit.yml,31,Injection Weakness (IW),"echo ""${{ steps.analysis.outputs.unapproved_licenses }}""","Step output interpolated directly in run: command; in a pull_request_target context the output is derived from attacker-controlled PR code checked out at lines 18-19, enabling shell injection."
https://github.com/Automattic/jetpack-error/blob/d40695275ff442b91a1c85931064b3a68b97cc45/.github/workflows/autotagger.yml,28,Unpinned Dependency Weakness (UDW),uses: actions/checkout@v6,Action referenced by mutable tag v6 instead of a pinned commit SHA.
https://github.com/simp/pupmod-simp-simp_ds389/blob/5e1c6f6552d848a9b97c498691807e33256ff740/.github/workflows/validate_tokens.yml,1,Excessive Permission Weakness (EPW),name: 'Manual: Validate API tokens' (no top-level permissions: block),No permissions: declared; default GITHUB_TOKEN is over-privileged. Restrict to least privilege (contents: read).
https://github.com/simp/pupmod-simp-clamav/blob/290792aa363d951d48cc07077bfc3a29686e3919/.github/workflows/validate_tokens.yml,1,Excessive Permission Weakness (EPW),name: 'Manual: Validate API tokens' (no top-level permissions: block),No permissions: declared; default GITHUB_TOKEN is over-privileged. Restrict to least privilege (contents: read).
https://github.com/canonical/ngc-integrator-operator/blob/ceb9fe2147451b14a54c14088e831331f61e8769/.github/workflows/on_pull_request.yaml,1,Excessive Permission Weakness (EPW),on: pull_request (no permissions: block),No permissions: declared at the caller level; default GITHUB_TOKEN is over-privileged. Restrict to least privilege.
https://github.com/tesseract-ocr/tesseract/blob/d39177e500df776709d7234abd2f5bae6bfacd16/.github/workflows/unittest.yml,1,Excessive Permission Weakness (EPW),name: unittest (no top-level permissions: block),No permissions: declared; default GITHUB_TOKEN is over-privileged for a test pipeline. Restrict to contents: read.
https://github.com/tesseract-ocr/tesseract/blob/d39177e500df776709d7234abd2f5bae6bfacd16/.github/workflows/unittest.yml,29,Unpinned Dependency Weakness (UDW),uses: actions/checkout@v4,"Action referenced by mutable tag v4, not a pinned commit SHA."
https://github.com/tesseract-ocr/tesseract/blob/d39177e500df776709d7234abd2f5bae6bfacd16/.github/workflows/unittest.yml,75,Artifact Integrity Weakness (AIW),git clone https://github.com/egorpugin/tessdata tessdata_unittest,"An external git repository is cloned over the network and its fonts/tessdata are copied into the test environment with no integrity/checksum/signature verification, allowing upstream tampering."
https://github.com/tesseract-ocr/tesseract/blob/d39177e500df776709d7234abd2f5bae6bfacd16/.github/workflows/unittest.yml,1,Hardening Gap Weakness (HGW),name: unittest (no security scanning step),"Builds Tesseract and runs unit tests with no integrated security scanning (SAST, dependency audit, or secret scanning) step."
https://github.com/aws-amplify/amplify-flutter/blob/6e958865b2417ce4d47fdc6d8c7b8f03aa617246/.github/workflows/rest_xml_v2.yaml,59,Excessive Permission Weakness (EPW),permissions: id-token: write / contents: read,id-token: write is granted at the workflow level to all four jobs; this is broader than necessary if not every job needs OIDC and should be scoped per-job.
https://github.com/aws-amplify/amplify-flutter/blob/6e958865b2417ce4d47fdc6d8c7b8f03aa617246/.github/workflows/rest_xml_v2.yaml,72,Secrets Exposure Weakness (SEW),secrets: inherit,"secrets: inherit forwards all repository secrets to the reusable workflow, exposing every secret."
https://github.com/aws-amplify/amplify-flutter/blob/6e958865b2417ce4d47fdc6d8c7b8f03aa617246/.github/workflows/rest_xml_v2.yaml,79,Secrets Exposure Weakness (SEW),secrets: inherit,"secrets: inherit forwards all repository secrets to the reusable workflow, exposing every secret."
https://github.com/aws-amplify/amplify-flutter/blob/6e958865b2417ce4d47fdc6d8c7b8f03aa617246/.github/workflows/rest_xml_v2.yaml,86,Secrets Exposure Weakness (SEW),secrets: inherit,"secrets: inherit forwards all repository secrets to the reusable workflow, exposing every secret."
https://github.com/aws-amplify/amplify-flutter/blob/6e958865b2417ce4d47fdc6d8c7b8f03aa617246/.github/workflows/rest_xml_v2.yaml,93,Secrets Exposure Weakness (SEW),secrets: inherit,"secrets: inherit forwards all repository secrets to the reusable workflow, exposing every secret."
https://github.com/canonical/cert-manager-rock/blob/b3013b8d1cab80669763b69a287f885bfde2642f/.github/workflows/pull_request.yaml,1,Excessive Permission Weakness (EPW),on: pull_request (no permissions: block),No permissions: declared at the caller level; default GITHUB_TOKEN is over-privileged. Restrict to least privilege.
https://github.com/canonical/cert-manager-rock/blob/b3013b8d1cab80669763b69a287f885bfde2642f/.github/workflows/pull_request.yaml,11,Unpinned Dependency Weakness (UDW),uses: canonical/k8s-workflows/.github/workflows/build_rocks.yaml@main,"External reusable workflow referenced by the floating @main branch, not a pinned commit SHA."
https://github.com/canonical/cert-manager-rock/blob/b3013b8d1cab80669763b69a287f885bfde2642f/.github/workflows/pull_request.yaml,22,Unpinned Dependency Weakness (UDW),uses: canonical/k8s-workflows/.github/workflows/run_tests.yaml@main,"External reusable workflow referenced by the floating @main branch, not a pinned commit SHA."
https://github.com/canonical/cert-manager-rock/blob/b3013b8d1cab80669763b69a287f885bfde2642f/.github/workflows/pull_request.yaml,24,Secrets Exposure Weakness (SEW),secrets: inherit,"secrets: inherit forwards all repository secrets to the external reusable workflow, exposing every secret."
https://github.com/canonical/cert-manager-rock/blob/b3013b8d1cab80669763b69a287f885bfde2642f/.github/workflows/pull_request.yaml,28,Unpinned Dependency Weakness (UDW),uses: canonical/k8s-workflows/.github/workflows/scan_images.yaml@main,"External reusable workflow referenced by the floating @main branch, not a pinned commit SHA."
https://github.com/canonical/cert-manager-rock/blob/b3013b8d1cab80669763b69a287f885bfde2642f/.github/workflows/pull_request.yaml,30,Secrets Exposure Weakness (SEW),secrets: inherit,"secrets: inherit forwards all repository secrets to the external reusable workflow, exposing every secret."
https://github.com/canonical/cert-manager-rock/blob/b3013b8d1cab80669763b69a287f885bfde2642f/.github/workflows/pull_request.yaml,37,Unpinned Dependency Weakness (UDW),uses: canonical/k8s-workflows/.github/workflows/assemble_multiarch_image.yaml@main,"External reusable workflow referenced by the floating @main branch, not a pinned commit SHA."
https://github.com/canonical/libvpl-tools-debian-packaging/blob/68bc0846b81245515607219e0e88b431c3a3ca49/.github/workflows/pr-draft.yml,40,Secrets Exposure Weakness (SEW),secrets: inherit,"secrets: inherit forwards all repository secrets to the reusable workflow, exposing every secret."
https://github.com/canonical/libvpl-tools-debian-packaging/blob/68bc0846b81245515607219e0e88b431c3a3ca49/.github/workflows/pr-draft.yml,109,Secrets Exposure Weakness (SEW),secrets: inherit,"secrets: inherit forwards all repository secrets to the reusable workflow, exposing every secret."
https://github.com/canonical/libvpl-tools-debian-packaging/blob/68bc0846b81245515607219e0e88b431c3a3ca49/.github/workflows/pr-draft.yml,136,Secrets Exposure Weakness (SEW),secrets: inherit,"secrets: inherit forwards all repository secrets to the reusable workflow, exposing every secret."
https://github.com/canonical/metallb-rocks/blob/e12003914345725800a92c953621d73c622a0c80/.github/workflows/pull_request.yaml,1,Excessive Permission Weakness (EPW),on: pull_request (no permissions: block),No permissions: declared at the caller level; default GITHUB_TOKEN is over-privileged. Restrict to least privilege.
https://github.com/canonical/metallb-rocks/blob/e12003914345725800a92c953621d73c622a0c80/.github/workflows/pull_request.yaml,11,Unpinned Dependency Weakness (UDW),uses: canonical/k8s-workflows/.github/workflows/build_rocks.yaml@main,"External reusable workflow referenced by the floating @main branch, not a pinned commit SHA."
https://github.com/canonical/metallb-rocks/blob/e12003914345725800a92c953621d73c622a0c80/.github/workflows/pull_request.yaml,22,Unpinned Dependency Weakness (UDW),uses: canonical/k8s-workflows/.github/workflows/run_tests.yaml@main,"External reusable workflow referenced by the floating @main branch, not a pinned commit SHA."
https://github.com/canonical/metallb-rocks/blob/e12003914345725800a92c953621d73c622a0c80/.github/workflows/pull_request.yaml,24,Secrets Exposure Weakness (SEW),secrets: inherit,"secrets: inherit forwards all repository secrets to the external reusable workflow, exposing every secret."
https://github.com/canonical/metallb-rocks/blob/e12003914345725800a92c953621d73c622a0c80/.github/workflows/pull_request.yaml,28,Unpinned Dependency Weakness (UDW),uses: canonical/k8s-workflows/.github/workflows/scan_images.yaml@main,"External reusable workflow referenced by the floating @main branch, not a pinned commit SHA."
https://github.com/canonical/metallb-rocks/blob/e12003914345725800a92c953621d73c622a0c80/.github/workflows/pull_request.yaml,30,Secrets Exposure Weakness (SEW),secrets: inherit,"secrets: inherit forwards all repository secrets to the external reusable workflow, exposing every secret."
https://github.com/canonical/metallb-rocks/blob/e12003914345725800a92c953621d73c622a0c80/.github/workflows/pull_request.yaml,37,Unpinned Dependency Weakness (UDW),uses: canonical/k8s-workflows/.github/workflows/assemble_multiarch_image.yaml@main,"External reusable workflow referenced by the floating @main branch, not a pinned commit SHA."
https://github.com/canonical/checkbox/blob/749ed2a9e19ae42bc56fe477b2bbc59fb37a7342/.github/workflows/daily-builds.yml,1,Excessive Permission Weakness (EPW),name: Daily builds (no top-level permissions: block),No permissions: declared; default GITHUB_TOKEN is over-privileged. Restrict to least privilege.
https://github.com/canonical/checkbox/blob/749ed2a9e19ae42bc56fe477b2bbc59fb37a7342/.github/workflows/daily-builds.yml,22,Unpinned Dependency Weakness (UDW),uses: actions/checkout@v4,"Action referenced by mutable tag v4, not a pinned commit SHA."
https://github.com/canonical/checkbox/blob/749ed2a9e19ae42bc56fe477b2bbc59fb37a7342/.github/workflows/daily-builds.yml,43,Secrets Exposure Weakness (SEW),secrets: inherit,"secrets: inherit forwards all repository secrets to the reusable workflow, exposing every secret."
https://github.com/canonical/checkbox/blob/749ed2a9e19ae42bc56fe477b2bbc59fb37a7342/.github/workflows/daily-builds.yml,49,Secrets Exposure Weakness (SEW),secrets: inherit,"secrets: inherit forwards all repository secrets to the reusable workflow, exposing every secret."
https://github.com/canonical/checkbox/blob/749ed2a9e19ae42bc56fe477b2bbc59fb37a7342/.github/workflows/daily-builds.yml,55,Secrets Exposure Weakness (SEW),secrets: inherit,"secrets: inherit forwards all repository secrets to the reusable workflow, exposing every secret."
https://github.com/canonical/checkbox/blob/749ed2a9e19ae42bc56fe477b2bbc59fb37a7342/.github/workflows/daily-builds.yml,61,Secrets Exposure Weakness (SEW),secrets: inherit,"secrets: inherit forwards all repository secrets to the reusable workflow, exposing every secret."
https://github.com/canonical/sriov-dpdk-rocks/blob/0edc9e5191c083ef97b88cf912b8603de97c8ba7/.github/workflows/pull_request.yaml,1,Excessive Permission Weakness (EPW),on: pull_request (no permissions: block),No permissions: declared at the caller level; default GITHUB_TOKEN is over-privileged. Restrict to least privilege.
https://github.com/canonical/sriov-dpdk-rocks/blob/0edc9e5191c083ef97b88cf912b8603de97c8ba7/.github/workflows/pull_request.yaml,11,Unpinned Dependency Weakness (UDW),uses: canonical/k8s-workflows/.github/workflows/build_rocks.yaml@main,"External reusable workflow referenced by the floating @main branch, not a pinned commit SHA."
https://github.com/canonical/sriov-dpdk-rocks/blob/0edc9e5191c083ef97b88cf912b8603de97c8ba7/.github/workflows/pull_request.yaml,22,Unpinned Dependency Weakness (UDW),uses: canonical/k8s-workflows/.github/workflows/run_tests.yaml@main,"External reusable workflow referenced by the floating @main branch, not a pinned commit SHA."
https://github.com/canonical/sriov-dpdk-rocks/blob/0edc9e5191c083ef97b88cf912b8603de97c8ba7/.github/workflows/pull_request.yaml,24,Secrets Exposure Weakness (SEW),secrets: inherit,"secrets: inherit forwards all repository secrets to the external reusable workflow, exposing every secret."
https://github.com/canonical/sriov-dpdk-rocks/blob/0edc9e5191c083ef97b88cf912b8603de97c8ba7/.github/workflows/pull_request.yaml,28,Unpinned Dependency Weakness (UDW),uses: canonical/k8s-workflows/.github/workflows/scan_images.yaml@main,"External reusable workflow referenced by the floating @main branch, not a pinned commit SHA."
https://github.com/canonical/sriov-dpdk-rocks/blob/0edc9e5191c083ef97b88cf912b8603de97c8ba7/.github/workflows/pull_request.yaml,30,Secrets Exposure Weakness (SEW),secrets: inherit,"secrets: inherit forwards all repository secrets to the external reusable workflow, exposing every secret."
https://github.com/canonical/sriov-dpdk-rocks/blob/0edc9e5191c083ef97b88cf912b8603de97c8ba7/.github/workflows/pull_request.yaml,37,Unpinned Dependency Weakness (UDW),uses: canonical/k8s-workflows/.github/workflows/assemble_multiarch_image.yaml@main,"External reusable workflow referenced by the floating @main branch, not a pinned commit SHA."
https://github.com/nextcloud/event_update_notification/blob/dbbcdeaefdb567c63514c2d9d109b194d9555370/.github/workflows/appstore-build-publish.yml,41,Known Vulnerable Component Weakness (KVCW),uses: skjnldsv/xpath-action@7e6a7c379d0e9abc8acaef43df403ab4fc4f770c,Workflow uses vulnerable action skjnldsv/xpath-action@7e6a7c379d0e9abc8acaef43df403ab4fc4f770c (kvcw_reason=direct; scanner findings at versions: 7e6a7c379d0e9abc8acaef43df403ab4fc4f770c; categories: deprecated_runtime).
https://github.com/nextcloud/event_update_notification/blob/dbbcdeaefdb567c63514c2d9d109b194d9555370/.github/workflows/appstore-build-publish.yml,75,Known Vulnerable Component Weakness (KVCW),uses: shivammathur/setup-php@c541c155eee45413f5b09a52248675b1a2575231,"Workflow uses vulnerable action shivammathur/setup-php@c541c155eee45413f5b09a52248675b1a2575231 (kvcw_reason=direct; scanner findings at versions: c541c155eee45413f5b09a52248675b1a2575231; categories: known_cve; network_exfil; CVEs: CVE-2026-46420; advisory ranges: >= 2.25.0, < 2.37.1; < 2.37.1)."
https://github.com/nextcloud/event_update_notification/blob/dbbcdeaefdb567c63514c2d9d109b194d9555370/.github/workflows/appstore-build-publish.yml,170,Known Vulnerable Component Weakness (KVCW),uses: nextcloud-releases/nextcloud-appstore-push-action@a011fe619bcf6e77ddebc96f9908e1af4071b9c1,Workflow uses vulnerable action nextcloud-releases/nextcloud-appstore-push-action@a011fe619bcf6e77ddebc96f9908e1af4071b9c1 (kvcw_reason=direct; scanner findings at versions: a011fe619bcf6e77ddebc96f9908e1af4071b9c1; categories: input_injection).
https://github.com/AdobeDocs/analytics.es-ES/blob/bbea3fecbed43fcc4f76c240e8063834f22fec7f/.github/workflows/assign-issue.yml,12,Known Vulnerable Component Weakness (KVCW),uses: pozil/auto-assign-issue@v1.3.0,Workflow uses vulnerable action pozil/auto-assign-issue@v1.3.0 (kvcw_reason=direct; scanner findings at versions: v1.3.0; categories: deprecated_runtime).
https://github.com/AdobeDocs/audience-manager.ja-JP/blob/7716288cec4103a9bb6f47bcb9a114e502a5d3e8/.github/workflows/assign-issue.yml,12,Known Vulnerable Component Weakness (KVCW),uses: pozil/auto-assign-issue@v1.3.0,Workflow uses vulnerable action pozil/auto-assign-issue@v1.3.0 (kvcw_reason=direct; scanner findings at versions: v1.3.0; categories: deprecated_runtime).
https://github.com/AdobeDocs/marketo-developer.de-DE/blob/bf104843e4d81c75f80e5f1f504bad0def780ca0/.github/workflows/assign-pr.yml,12,Known Vulnerable Component Weakness (KVCW),uses: pozil/auto-assign-issue@v1.3.0,Workflow uses vulnerable action pozil/auto-assign-issue@v1.3.0 (kvcw_reason=direct; scanner findings at versions: v1.3.0; categories: deprecated_runtime).
https://github.com/adafruit/Adafruit_CircuitPython_SCD30/blob/4f248d65784ee333a6797b92b62b86800f92c6e0/.github/workflows/failure-help-text.yml,19,Known Vulnerable Component Weakness (KVCW),uses: adafruit/circuitpython-action-library-ci-failed@v1,Workflow uses vulnerable action adafruit/circuitpython-action-library-ci-failed@v1 (kvcw_reason=direct; scanner findings at versions: v1; categories: deprecated_runtime).
https://github.com/oracle-devrel/platform-migration-group/blob/5d62b71ab335946a5641ad5961766f92cdb3eb3b/.github/workflows/license_audit.yml,34,Known Vulnerable Component Weakness (KVCW),uses: mshick/add-pr-comment@v1,Workflow uses vulnerable action mshick/add-pr-comment@v1 (kvcw_reason=direct; scanner findings at versions: v1; categories: deprecated_runtime).
https://github.com/ocicl/invistra/blob/f0aff9f6af8768c7e7d3c93928195e6d14617e25/.github/workflows/main.yml,23,Known Vulnerable Component Weakness (KVCW),uses: ocicl/ocicl-action/update-check@main,Workflow uses vulnerable action ocicl/ocicl-action/update-check@main (kvcw_reason=direct; scanner findings at versions: main; categories: input_injection).
https://github.com/ocicl/invistra/blob/f0aff9f6af8768c7e7d3c93928195e6d14617e25/.github/workflows/main.yml,29,Known Vulnerable Component Weakness (KVCW),uses: ocicl/ocicl-action@main,Workflow uses vulnerable action ocicl/ocicl-action@main (kvcw_reason=direct; scanner findings at versions: main; categories: input_injection).
